userID,email,name,username,address,phoneNumber,paymentInfo,workEmail,officeContactInfo,commissionPercentage
500,michele17@example.net,Julie Jones,sherri73,"5589 Decker Ville Apt. 618, North Matthewside, MS 43780",(431)903-7044x1539,4957912243344737,jacob31@matthews-ayers.com,8734111940,0.061
501,justinsanchez@example.org,Amber Gonzalez,chad48,"2371 Joseph Lock, Julieborough, MH 97479",+1-583-813-7295,342776687713158,marshallhannah@cole.com,563.917.3336x793,0.191
502,zrivera@example.com,Mark Malone,jerry73,"PSC 5667, Box 9617, APO AP 54815",334-910-8177x2868,4500780706688235,brittanylee@schmidt-crane.com,295-363-6579,0.154
503,fostermiguel@example.com,Andre Contreras,aaron64,"5860 Maureen Row Suite 076, North Billy, NC 79602",468-992-5132x6625,4632399227238809,kennedylauren@prince.com,766.232.2629,0.122
504,garyjennings@example.org,Roger Scott,michelebowers,"34556 Hardy Ports, Nielsenport, WA 91241",(440)423-2172,2272597257680225,qwarner@peterson.com,3957242594,0.078
505,xperez@example.com,Ronnie Fisher,adriana04,"233 Reed Valleys, Lopeztown, PA 70076",001-211-329-3035x3393,4091121263796118,vhuang@nelson.org,695-539-5892x6896,0.147
506,isaac81@example.org,Rebecca Payne,brocklarry,"91191 Heather Rapid Apt. 602, New Tyler, NV 05970",001-720-957-1126,4169461658797629,adamsmelanie@jones-williams.biz,515-539-5938,0.113
507,joshua68@example.com,Eric Jackson,latashamiller,"3013 Stone Hills Suite 133, West Kimberly, VA 11864",5743412296,38051254949216,gentrybilly@whitehead.com,567.467.9138x82075,0.163
508,cervantesmichael@example.org,Linda Martin DDS,ilevy,"037 Crystal Pines Suite 625, East Lynnhaven, RI 74048",898.337.4282x21938,5525863844716296,johnpollard@evans.com,254.633.9339x4225,0.124
509,zpalmer@example.com,Tamara Patrick,greenheather,"357 Peter Flat, Diazfurt, HI 51981",970-308-2368x993,3595641292567662,ytrujillo@bishop.info,471-208-0186,0.121
510,stephanie33@example.net,Kathy Kelly,erin71,"590 Joy Flats Suite 249, Larryview, WY 40841",548-313-9649,38734973905235,heather77@pineda-ramirez.com,+1-619-902-9451,0.115
511,jason90@example.org,Andrew Nguyen,erica55,"90919 Alexis Viaduct Suite 653, West Aaron, ND 75419",570.414.0104x473,343698844001898,gregory15@howard.com,001-752-676-1712x576,0.065
512,markhunter@example.org,Cynthia Morgan,amanda77,"USCGC Simmons, FPO AA 45385",410-858-3675x565,3594135432184505,qcurry@lang.biz,001-637-997-9256,0.105
513,melissa57@example.net,Elizabeth Cooper,walter17,"95993 Ryan Place Suite 642, Tiffanybury, OK 65777",001-627-345-4051x96975,30071542172171,bradgood@hoffman-krause.com,768-427-5457,0.078
514,michaeljones@example.com,Matthew Hart,thomas04,"42605 Jessica Mills, East Bill, WV 62303",2826576553,348759031688718,angelavalenzuela@thompson.com,(568)466-7588x86768,0.153
515,wrightwilliam@example.org,Debbie Burgess,careyjames,"90138 Frank Drive, Melissaview, IL 18139",001-306-343-1617x78883,676154173394,nicholas09@estrada-gill.com,681-736-0645x79326,0.152
516,bbowen@example.org,Jose Werner,sschmidt,"866 Michael Tunnel Suite 666, Leonborough, VT 20044",(450)383-3950x28749,3551041032297609,joseph83@white.com,+1-424-803-5257,0.082
517,jacquelinewilliams@example.net,Donna Turner,meghangreen,"88855 Sara Viaduct Apt. 886, West Richard, MS 84704",655.648.5561,4528438779716088825,beckkimberly@jordan.com,001-706-237-4828,0.076
518,cassandrachapman@example.net,Patricia Tapia,jford,"278 Luna Springs, Susanfort, ME 67334",+1-979-491-9368,4876470055351785,chapmanmatthew@jackson.com,462-252-9351,0.136
519,sharpgeorge@example.com,Ethan Morgan,ashley17,"7476 Benitez Ports Apt. 026, Lake Lauriemouth, MI 72918",001-458-627-0313,4283084684503,ithompson@estrada-mcmahon.org,(697)873-4875x5987,0.062
520,benjaminturner@example.com,Robert Medina,milesrobert,"314 William Divide, Cherylport, MH 13574",993.384.7882,4943324386522300,smcdowell@cochran.com,214-596-8822x75800,0.11
521,saramurray@example.org,David Rodriguez,shaun04,"675 Jimenez Mountains, Michaelside, PA 69613",999.821.4585x0397,6520112561104895,lambbradley@cook-taylor.com,(558)890-1260,0.12
522,paige23@example.org,Matthew Benson,fjohnson,"829 Chapman Keys Apt. 036, West Katherinetown, SC 43621",536.432.3633x3205,6011015755250653,danielcampbell@miller.biz,(264)760-0857,0.123
523,jamessutton@example.org,Jerry Kelly,nharper,"73105 Justin Lights Suite 522, West Roy, KY 57307",9372441892,4604211893193992557,andersonsandra@jones-james.com,(902)200-3495,0.089
524,erik77@example.net,Charles Drake,fhardy,"642 William Creek Suite 469, Davidborough, MA 46759",350-362-4648x93862,3586306786549524,melissa01@turner.com,666-570-8972,0.056
525,xjohnson@example.net,Gabriel Nelson,lindacasey,"Unit 4626 Box 0905, DPO AA 65697",719-921-8751x3507,4605189402478038,hhenson@thompson.info,+1-701-281-9300x77530,0.153
526,michael47@example.org,William Moody,syoung,"40387 Morgan Meadow Suite 679, Keithville, MD 70213",622-471-6336x819,370709823915556,whitneywilson@carter.com,421-650-7683x151,0.135
527,christina40@example.net,Julie Rodriguez,kellymichelle,"26101 Mcgrath Course, South Johnny, DE 29035",376-290-6512x3417,38061113159592,dylanreyes@reynolds.com,619-692-5193,0.198
528,peter16@example.org,Matthew Mosley,aguilarryan,"7688 Delacruz Roads, Port Theresa, IN 59884",(489)405-7454x11611,4426422856381458,schmidtdavid@kline-young.com,+1-911-818-8062,0.174
529,nfernandez@example.org,Patrick Nelson,swansonbryan,"4236 Jeremy Points Apt. 352, Lake Sarahmouth, AS 66288",951-877-7687x80880,375694819880086,adam45@mcintyre-williams.com,+1-768-744-9980,0.16
530,kelly78@example.net,Jeremy Taylor,ulopez,"774 Brandon Falls Suite 802, East Sheliashire, VA 24246",(811)290-1321,4251834696369680972,debra50@cruz-cummings.com,568-717-6935,0.097
531,jamesgarcia@example.com,Christie Hicks,lramirez,"81481 Alex Mount Suite 159, Suzanneville, CT 56270",580-534-3301x89693,4984268826321858,thomasrebecca@johnson.com,+1-401-701-9383x18824,0.081
532,johnsonsusan@example.org,Steven Ford,rescobar,"69134 Martin Unions, Port Garyburgh, FL 29186",(681)300-5271x9822,4170626641040728,susan10@vargas.biz,+1-866-702-0741x51813,0.15
533,tsullivan@example.org,Larry Porter,anthony03,"0709 David Parkway, Port Caleb, ME 82906",554.604.1176x0221,3578812777440060,choilori@stevenson.com,688-313-1951x175,0.11
534,brownrebecca@example.org,Victor Gonzalez,jonesdawn,"58269 Patricia Lane, Downsbury, ME 11267",001-744-356-6270x3710,4320233894646266380,gramos@smith.com,861-330-4648x36211,0.144
535,jessica85@example.org,James Booker,dawn42,"3362 Willis Divide, Elizabethland, WV 23987",001-222-632-7723x63792,676129939960,jonathanespinoza@campbell-martinez.com,+1-694-585-6618x10846,0.182
536,petermurray@example.com,Jose Bennett,dillonpatrick,"9441 Ferguson Forest Suite 518, Simstown, MI 82880",(364)585-2028x3182,4947487290643,holtmary@hall-skinner.com,645.523.6005,0.067
537,ianmckenzie@example.net,Sean Harmon,randy42,"04645 Jones Lock, Port Victoria, NY 06430",+1-707-989-6039x88058,4792985518846692,joshua91@stevens.com,(550)263-6042x1341,0.125
538,clarksusan@example.net,Lisa Gonzalez,khuff,"041 Maria Drive Suite 666, South Linda, MA 13244",721.969.7906,180004893921738,angel09@harrington.biz,9388157762,0.133
539,christinasaunders@example.net,Kimberly Swanson,smithgina,"4926 Abbott Rapid, Loganburgh, ID 60411",(967)313-4909,6559382926506001,timbarnes@lane.info,+1-542-982-6934,0.113
540,aboyer@example.com,Kevin Robinson,nicole07,"5846 Stokes Lodge Suite 806, Port Mariahview, VI 92677",(403)554-0185,4781849626999624,iparrish@dougherty.com,493-442-6917x351,0.138
541,anthony12@example.com,Jason Martin,andrewfoster,"855 James Harbors, East Dennisstad, MS 79647",+1-810-296-6908x7102,6576011054988363,brownjoshua@taylor.com,706.537.2603,0.178
542,isalazar@example.com,Denise Edwards,huntjacqueline,"4906 David Burg, Port Meganburgh, ID 10621",+1-728-286-8488x052,060459293142,allenaaron@davis-robinson.biz,(688)295-9720x1730,0.085
543,ruizbryan@example.net,Taylor Dickson,pblackwell,"615 Robert Keys, West Ryan, PA 14500",(497)996-6526x412,060453866737,rellis@decker.com,(993)711-7245,0.196
544,manuelgray@example.org,Mike Stevens,phillip08,"437 Johnson Skyway, East Jason, UT 74902",(430)764-2415x49235,3580175400399046,millerjimmy@webb.com,6147457623,0.138
545,bperry@example.org,Joseph Beasley,michaelbush,"1926 Gonzalez Row Apt. 836, New Michele, OK 13846",864-906-8448x514,3541544970344658,rdavis@walsh-phillips.com,(621)769-1100x2438,0.147
546,jonesadam@example.org,William Williams,eric44,"03758 Stevens Radial Suite 089, Devintown, IL 90755",7062914189,3511439508688658,elijah50@avila-mahoney.org,783-284-4110,0.17
547,theresa11@example.com,Caleb Lawson,thompsonyvette,"97473 Ethan Mountain, Grossborough, TN 04791",(520)586-4475x0020,5452443856214477,lisa47@meza.com,(354)378-6836x77576,0.146
548,ashleybrooks@example.org,Joseph Goodwin,ashleyrodriguez,"19573 Melinda Stream, Kelleyfort, OR 60406",901-910-3215,630486659315,gtaylor@tran.com,2314729234,0.184
549,amydixon@example.com,Joshua Hall,kimberly43,"0591 Miller Loaf, East Tracey, PW 60306",8514077133,38306548341541,stephanie29@freeman.com,001-308-734-9327,0.145
550,mercerjacob@example.net,Shelby Hall,bwelch,"82522 Cassandra Parks, Port Mariahaven, MP 36184",+1-790-572-3212x31241,4257995704095734428,stokestony@thomas.com,951.547.5761x167,0.138
551,chadtodd@example.net,Taylor Solis,jordanjohnson,"058 Veronica Run, Port Yvonnehaven, IN 11008",5288038356,4535463396697014226,ryan69@rodriguez-sanchez.biz,760.256.8354,0.117
552,victoria62@example.com,Jacqueline Costa,turnertyler,"1463 Macias Ridges Suite 924, West Parkerside, TX 27933",472.686.4066,4574663958384912,weststeven@davenport.com,520-836-2020,0.077
553,dylanwilson@example.com,Sharon Roman,hcontreras,"2706 Timothy Grove, New Rebeccahaven, VA 76483",849-322-4149,6521367574922449,craigkatherine@carter-martin.info,(964)448-1774x20602,0.073
554,sfox@example.org,Katelyn Dominguez,runderwood,"343 Andrea Forges, West Aaronside, AK 03522",(420)589-6864x154,4531949790349227,smithnancy@brown-sosa.org,(664)507-2871,0.137
555,thomasmichael@example.com,Terri Douglas,uwilliams,"USCGC Evans, FPO AA 44970",001-754-556-1338x0957,4177965159163794893,natalietorres@white.com,+1-729-517-8766,0.068
556,samantha60@example.org,James Holt,adamevans,"834 Taylor Prairie, Williamsport, MT 27274",(674)444-0053,502031107290,valenzuelakatie@dixon.com,459.842.3284,0.164
557,isloan@example.org,James Gonzalez,randolphsarah,"1050 Martinez Squares Apt. 417, Bethport, PW 59881",+1-296-971-1319x567,503805631531,ywhite@miller.info,+1-435-644-9100x42335,0.199
558,nancy05@example.net,Nathan Vasquez,tracyadams,"726 Davis Tunnel Suite 907, Port Morganmouth, SC 86035",830-371-9460,30243918642208,ahill@taylor.com,001-375-636-8620,0.058
559,stanleymonica@example.com,Jill Baker,bpham,"393 Williams Valley Apt. 205, South Tyler, OK 46507",+1-451-223-4042x87879,3516958070955182,frank74@jordan.com,788.726.2923x3261,0.19
560,amber26@example.org,Katherine Turner,bauermichelle,"5829 Hudson Cove Suite 845, Jacksonville, GA 56400",+1-313-742-8286x32196,3501090290787364,debra63@wallace.com,(474)518-2404x3620,0.119
561,juliamason@example.com,Shelly Wood,davisstephanie,"6238 Dawn Fields Suite 548, New Stephanie, AK 53087",906.932.3929,2282917161768213,ericlee@white.org,854-392-4459x12077,0.122
562,twarner@example.com,Wanda Jacobs,georgejackson,"577 West Flat Suite 516, Hoffmantown, ID 94302",669.841.2458,630419448075,fjones@jones.com,313.750.0537x05503,0.06
563,elliottjoel@example.com,Susan Rivers,oconnellmargaret,"631 Wiley Port Apt. 638, Normashire, FL 62268",(914)752-7880,379334518158213,wolfemily@gay.com,+1-666-362-0894x176,0.177
564,keith14@example.net,Steven Porter,chelseaharris,"288 Cameron Extension Suite 285, South Kathryn, TX 18728",689-330-2347x3017,3582495601540703,joseph65@shaw.com,705.660.1061,0.128
565,orocha@example.com,Megan Williams,blake39,"2110 Christopher Mountains, South Josephfort, WY 53062",456.579.3714x12151,4560866832592733958,lauren60@anderson-benson.com,611.401.2616x55113,0.111
566,bradwilkins@example.net,Jessica Bauer,kmclaughlin,"USNV West, FPO AA 05258",+1-671-593-8458,4916821831478353,bmckay@knox.com,396-751-2424x591,0.092
567,anthony10@example.net,Terrance Moore,castillonicole,"971 Sandra Junction Suite 309, South Lisabury, VT 52843",+1-308-307-0165x0152,2229077973740045,jennifer74@avila-white.com,001-808-994-1241x627,0.088
568,andrescott@example.com,Jill Anderson,alicia38,"PSC 0450, Box 5774, APO AE 23928",001-460-700-7657,180054098792525,heatherwade@larsen-lambert.org,+1-951-801-6042x0036,0.152
569,aperry@example.org,Steve Ayers,charlesrobles,"3543 Charles Roads, West Thomas, VI 55936",649.860.9322x4773,30176346526629,nwood@bradshaw.com,001-806-695-5645x927,0.191
570,xstein@example.net,Tammy Walton,james81,"87342 Booth Fords, Jaredport, NV 76833",(435)409-3596x9257,2254233956689794,nicholasrobinson@mcfarland.com,616.871.5759x0026,0.11
571,haley38@example.net,Andrea Miller,mcrawford,"762 Kimberly Land, Lake Thomasfurt, MT 01893",628-213-7292,3586297927589455,whitesean@harris-frederick.com,283.388.5539x349,0.091
572,johnsonmelissa@example.net,David King,henrymichael,"158 Kent Mission Apt. 314, Hernandezburgh, IL 58447",001-275-809-4238x3294,4313585370385720,ochoadavid@kennedy-bennett.com,7159477993,0.063
573,justin44@example.net,Joseph Massey,dmcbride,"65838 Jimenez Mountains Apt. 262, West Danielle, TN 06327",478-363-4867x80066,3518187092623846,pcobb@jackson.net,266-560-2329,0.051
574,chelseawhite@example.org,Victoria Bradley,nshah,"5054 Roberts Stravenue Suite 247, West James, NH 40464",757-338-3757,503842473202,romerobeth@perez-best.org,216.627.5479x80038,0.168
575,johnayers@example.com,Rhonda Moody,weissbrandon,"51473 Diane Loop, East Katie, TN 13486",(812)734-9374,30434697996853,dianeramirez@collins.com,255.485.4840x143,0.093
576,zwade@example.net,Jessica Becker,danielmeyer,"Unit 9509 Box 7215, DPO AA 29464",250-829-1589,4910036563425839,jesse81@nolan-miller.com,+1-956-621-5819x8095,0.122
577,mark32@example.net,Margaret Palmer,george14,"PSC 9566, Box 2254, APO AA 66230",958.309.9561x392,3592514482353420,daniellemartin@stein.com,(804)488-4498x681,0.114
578,christopher02@example.net,Anthony Adams,weaverelizabeth,"56734 Jennifer Canyon, Audreyborough, AL 02689",599-283-5330x35409,3565918430940647,louismckenzie@gutierrez.com,981-333-0842x227,0.173
579,elizabeth12@example.org,Richard Nelson,christopher62,"512 Lopez Corners, Hermanland, ME 15732",+1-318-323-9617x77342,2611219909086848,sylvia98@stephens-perry.com,924-207-2537,0.187
580,luisdavis@example.com,Ann Ingram,lisa04,"87798 Mary Bypass Apt. 695, Davisfurt, GU 04079",001-517-767-8790x989,3540102415539878,lopezvanessa@tapia.biz,336.940.0520x339,0.1
581,osimon@example.org,Meredith Zhang,lspears,"455 Bryce Course, East Brettland, AR 14163",763.861.6597,4289963458886739,bhancock@smith-gutierrez.net,001-468-775-5857x37151,0.139
582,stewartandrea@example.net,Lisa Martinez,robertthomas,"3040 Oliver Mill, Lake Heidiberg, NM 06983",234-766-2454x7690,2269859240438151,lcarr@burgess-bass.com,909-242-6291x535,0.107
583,krystalrobinson@example.com,Angela Burns,markcarson,"PSC 8691, Box 9511, APO AP 78155",001-337-865-6413x6401,4288364756810743322,sethjacobs@marsh-greene.com,597-378-1088x39875,0.052
584,kparks@example.com,Shane Dillon,anna68,"22441 Rodriguez Pike Suite 751, New Arielfurt, WA 68421",001-304-876-1902x3475,371012259063093,zjacobs@santos.org,359.316.9112x1671,0.177
585,coffeywillie@example.org,Steven Hicks,rsmith,"535 Vaughn Brooks, New Samantha, OH 17528",+1-987-838-2891x197,3520275178392646,lindaleonard@macdonald.com,5133581435,0.072
586,pamelamoreno@example.org,Kimberly Rose,lindsey15,"PSC 7319, Box 2528, APO AP 60622",349-340-9105x791,4049032299292795,mark96@hernandez.com,7578606596,0.06
587,gcarlson@example.org,Elizabeth Ramsey,gabriellecollins,"061 Patrick Spring Apt. 381, Underwoodton, PR 32814",+1-969-221-9930x6524,503871308220,brianadams@peters-mooney.com,302-863-5154x05271,0.148
588,parkersandra@example.org,Mark Bryan,jordan51,"6728 John Plains, Port Anthony, WV 83292",666.220.1384,2278317193347076,bellmark@bradley.biz,587.395.3121x94789,0.056
589,denise02@example.org,Jeremy Cox,william39,"19618 Linda Roads, Barryport, PA 11289",001-811-811-0282x61915,6011454922271641,vchurch@nichols.biz,822.437.5508x6135,0.147
590,nsanders@example.com,Brian Garza,jenna65,"PSC 1642, Box 0361, APO AE 12863",(719)697-1368,3517191398116910,nelsonbrenda@nelson.net,(466)536-6259x9362,0.125
591,andrewsmonica@example.net,John Hall,eric93,"820 Monroe Curve, Oliviafurt, NH 93495",383-805-1285x576,3501212551040230,christy95@jones.com,500-207-4531x94857,0.066
592,dannysoto@example.com,Elizabeth Petty,joanna40,"9659 Baker Lodge, North Michaelside, OK 51688",(644)938-5172x60231,503873984002,terrylee@carney.com,+1-555-556-7923x44267,0.06
593,welcherin@example.net,Kenneth Boyd,jcross,"49207 Julie Circles Suite 801, South Jay, NE 93240",4315110492,30397514697949,fweiss@hardy-bush.com,(885)828-1337,0.09
594,amy84@example.net,Brendan Bruce,blakecharles,"923 Johnson Hollow, Patrickview, WY 26528",7348450381,342487260848623,henryharris@weiss.com,510-899-8940,0.103
595,fosterjohnny@example.com,Paul Romero PhD,teresawhite,"68741 Raymond Parkway Suite 344, South Nancyborough, KY 10465",317-700-8541,6586065876068091,danthomas@brown.com,582.779.3655x5450,0.146
596,lchavez@example.org,Steven Parker,gonzalezcheryl,"779 Charles Burg Apt. 623, Romanmouth, MT 09293",346-752-2822,3531800238887868,matthewyu@thomas-goodwin.net,001-603-611-4255x509,0.16
597,alexander21@example.net,Sheena James,kimberlybennett,"339 Julie Pike Apt. 502, South Kristyport, NJ 28956",(721)823-1368x971,30103545183036,martinjoseph@boyer.info,996-214-2746x86905,0.199
598,jackerickson@example.com,Cynthia Long,alan74,"155 Reynolds Stravenue, West Markchester, IN 25358",(514)412-4523x86872,5120005518981728,daviscaleb@bryant.info,001-710-988-4599x83536,0.107
599,lindabaxter@example.com,Paul Lewis,amandafleming,"6468 Johnathan Fords, Woodschester, PR 15584",+1-873-362-4446,180012113737362,hamiltonkevin@lozano-kelley.com,(398)880-1896x002,0.186
600,jessica21@example.com,Benjamin Smith,lisa44,"5389 Petty Island Suite 002, Lake Dwayne, VA 99907",2383555872,2246935472041612,amberflores@hall.biz,+1-933-594-1540,0.152
601,philip79@example.com,Kevin Rios,brittneygreen,"658 Debra Square, New Deborah, LA 69063",900.261.3615x989,587842382612,bondadrienne@shelton-hill.com,001-774-767-9766x0128,0.062
602,ismith@example.org,Gary Hogan,alexanderlarson,"3476 Casey Crescent, West Shannonborough, MA 47803",378-344-7566x5709,6574960008178889,williamfoster@williams.com,(586)805-9290x6910,0.183
603,pamela45@example.org,Rebekah Hanson,katherine45,"72366 Miller Flat Suite 016, Collinston, AR 55893",001-590-451-8082x5940,502044297500,nicole21@sweeney.biz,619-219-0010x30134,0.072
604,oboone@example.net,Cathy Carter,kristin32,"6869 Patricia Dam Suite 700, Bethmouth, WV 58647",(995)981-3263x8689,30411280466288,lisa26@bullock.com,8875483940,0.093
605,pmurphy@example.com,Stacy Reeves,nharrington,"USNV Taylor, FPO AP 48337",001-271-623-6133x5397,060478792256,uhernandez@moore-hart.com,8898834330,0.134
606,pinedasandra@example.com,Nicholas Fischer,devans,"826 Jonathan Common Apt. 877, Port Stanley, RI 82061",(703)495-0802x7717,3578663001285569,howardwendy@contreras.com,902-626-0213,0.058
607,oalvarez@example.com,Annette Haas,davidmorales,"0791 Gonzalez Landing, Jacksontown, SD 52284",(935)571-9385x949,3561259680734958,jose16@murphy-romero.biz,719.392.9401,0.119
608,garrettrobert@example.net,Jason Lozano,huntlaura,"4142 Sara Cliffs, Orozcoside, CT 02814",6846016109,2285029613567404,lwalter@robinson.com,864.400.6006x1064,0.116
609,anthonyweber@example.com,Brooke Fitzpatrick,mercergene,"169 Walter Fields Apt. 165, Gonzalezchester, TX 39360",8177079513,630482275579,hillrichard@neal-nelson.com,352.806.3454x1548,0.117
610,richardhenderson@example.net,Johnny Webb,thompsonjonathan,"7130 Teresa Knoll, Donaldville, VI 60078",(220)970-4645x00845,3501988819803168,justinsmith@briggs-kim.com,747.866.7530,0.157
611,pamela03@example.org,Richard Baker,huntermatthews,"42638 Brenda Plains Apt. 716, East Williamview, MP 19076",759-884-6758x0052,2252369404582736,carolyncooke@robinson.com,001-712-419-3620x9574,0.132
612,robert40@example.net,Pamela Davis,alyssa47,"Unit 7417 Box 9466, DPO AE 94163",(392)619-0205x7237,4848476923850598,jeremygarcia@adams.com,396.739.6948x7900,0.122
613,brandonwilliams@example.com,Jordan Moore,rodrigueznicole,"67394 Marshall Spur, New Michelle, NE 02045",(255)206-7676x2899,6011203146759125,jeffrey23@robbins.com,(606)719-8445x590,0.185
614,patelmargaret@example.net,Renee Mendez,mariawagner,"7793 Sharon Court, New Mark, IA 79146",404-262-2527x9937,3594571819781994,danielleschneider@anderson.com,871-572-0125x62910,0.183
615,hannahbell@example.org,Teresa George,beasleymelanie,"70703 Alexander Crossroad Apt. 163, New Mary, NM 51946",287.434.9070x23533,30148368050861,wwarner@osborn.com,371-411-1762x9942,0.117
616,cynthiayoung@example.org,Brian Carpenter,bferguson,"3118 Mario Street Suite 532, Lake Rebeccastad, CT 75360",952-872-2639,585549061679,tracey41@thomas.com,(393)702-6995x739,0.146
617,mcguirelarry@example.org,Brian Burton,walkerdaniel,"6264 Walter Mall, North Brandi, KY 80908",(486)978-9138x24139,4647513807788,hunterpena@frazier-moody.com,849.565.9034x1732,0.135
618,nwhite@example.net,Michael Cameron,donaldwhite,"83790 Kevin Path Apt. 900, Kristinland, WY 75423",528.646.5998x858,3504120175782078,amandaflowers@kennedy-wood.com,+1-589-883-4056x45387,0.081
619,ryanowen@example.com,Bradley Holt,gregory21,"143 Adams Coves, Simmonsfort, IN 95393",9534065954,4425843341194,beltranjanet@meyer.com,+1-313-324-0492,0.074
620,fabbott@example.org,William Sanchez,wdavis,"212 Rebekah Points Suite 208, Lake Amyton, WI 96195",(322)492-9103,36358661671370,jonesangela@oliver.com,(938)708-7080x7523,0.155
621,angelnelson@example.com,Michael Archer,rossjonathan,"4072 Greene Expressway Suite 827, North Jacob, UT 73444",963.565.1907x274,180016199415603,kellyleon@wheeler.com,925-405-2743,0.158
622,rodriguezzachary@example.net,Rhonda Santos,suarezwendy,"264 Harrison Estates Apt. 419, New Kristina, PW 04667",+1-757-764-9321,4372506259775517691,kathleenshannon@bennett-stark.org,(459)458-6910x4265,0.162
623,jennifer66@example.net,Brittany Walker,jessicasmith,"910 Maldonado Courts, Port Johnfurt, MN 71458",001-487-779-1133,6573511171169022,bkennedy@williams.net,337-342-6647x35171,0.101
624,harmonmichelle@example.net,Johnny Wright,michael49,"45802 Christina Cliffs Apt. 031, Schwartzside, MP 80610",(266)448-4036x74578,3544748253123708,stephen32@mendez-strickland.com,(663)585-6866x359,0.051
625,lindadavis@example.com,Matthew Tran,mblair,"160 Simmons Corner, Santosberg, PA 98359",309-883-8157x465,6559253227451132,hvelazquez@lopez.info,519-883-6793x22938,0.096
626,fmaxwell@example.net,Jennifer Atkins,vyoung,"9433 Stevens Ferry Suite 674, Lake Jesse, DE 66752",403-583-3931x7121,6571046567055305,robert09@mckee.net,381-303-0825x53389,0.117
627,dross@example.com,Beth Hatfield,christian19,"58900 Anthony Inlet, Port Steve, ID 03454",(592)405-1964x95069,4196567955309,jessicacontreras@curry.net,733.986.3595x499,0.194
628,qstark@example.net,Jeffrey Merritt,coxmargaret,"30041 Julia Walks Apt. 806, Christinaberg, TN 65739",4735615857,4510016809293294,jonescrystal@miller-boone.info,+1-249-850-7893x72586,0.051
629,whitneystevenson@example.net,Michele Barker,tammy22,"63661 Kelly Plain, Port Johnville, PR 47289",898.521.6123x2903,3524382330620264,jonesraymond@knight.com,474.648.7632,0.075
630,treed@example.com,Brett Mckee,cassieholmes,"604 Boyd Manor Apt. 030, Lake Davidside, SD 28037",(810)759-9026x29044,4044929608273462,yolanda27@phillips.info,(324)819-9119x938,0.186
631,jasminejones@example.net,Michael Harris,hodgesjames,"608 Ward Lake, East Amyborough, MP 46498",+1-966-995-2470x48845,4492617411732116,justinlopez@reynolds.com,527-571-4010x00590,0.132
632,alexanderhickman@example.net,Marilyn Wade,michaelspencer,"3016 Brittany Extensions Apt. 670, West Gregorymouth, LA 48214",477.741.1687,676242873435,collinsjeffrey@nolan.com,965.844.5925,0.105
633,morrisbrian@example.org,Sandra Peterson,castillodestiny,"43386 Dodson Crescent Suite 559, Brianland, CO 10275",763.966.5276x30253,36432551593596,sgraves@stone.com,776-413-2395,0.141
634,jonesdavid@example.net,Robert Hernandez,kennedykevin,"Unit 0385 Box 5899, DPO AA 07088",2067692989,4375574942853626,gpierce@warner.biz,(984)444-6613,0.124
635,lisa92@example.net,Margaret Conley,andrew97,"027 Adam Hollow, East Charles, MT 48936",651.629.2667x65262,3592063026946596,wintersjasmine@estrada-sanders.com,001-303-864-8214x695,0.156
636,clarkgary@example.net,Laurie Morris,amanda41,"8006 Jason Field Suite 801, North Brandon, DE 86886",(922)424-4967x740,4738750241719594320,ymason@johnson.com,493.417.7608x769,0.129
637,morsealan@example.com,Timothy Dodson,nbarrett,"2822 Katelyn Viaduct Apt. 424, Christopherhaven, NY 01505",280.381.2351x462,4491145121113618,leachmichael@norris-white.info,649.501.6794x90751,0.168
638,eddie90@example.com,Joseph Huff,robinwelch,"44141 Case Flat Suite 631, Port James, MH 32050",737-834-9761x77219,375706035603975,crystalsmith@lopez.com,7256862579,0.12
639,pamela99@example.net,Curtis Thompson,jonesdavid,"1303 Erin Run, Lake Hannah, NV 61103",729.940.0670,4097077965675832,bradleyjames@hall.com,611.206.9958x2553,0.119
640,marycraig@example.org,Thomas Neal,robert29,"73089 Booker Meadows Suite 605, North Robertton, GU 02090",385-473-4367x6954,213104800537188,jacksonkelsey@buck-morales.org,9899097173,0.162
641,ramirezmisty@example.org,Vincent Mullen,evansaaron,"28040 Lucas Junctions Suite 895, Paulaberg, KS 49576",001-897-201-8612x69916,4253386676953119,brandon74@george.net,3918899812,0.098
642,murphykyle@example.org,Janet Davis,gmayer,"133 Campos Place Suite 017, West Julie, AS 78449",001-977-344-6449x0999,4264004895197,samanthawalker@moss-haynes.biz,(615)399-8290,0.116
643,chelsea70@example.net,Alexa Green,dshields,"PSC 0657, Box 3234, APO AE 80201",+1-270-708-3255x18255,4600809956054755342,hcarlson@powell.net,001-412-657-2473x2423,0.085
644,danielfrancis@example.com,Dennis Stein,johnsonpatricia,"2950 Wilson Pines, Lake Elizabeth, VT 67417",920.696.7694,502044285786,espencer@carr.biz,709.805.4727x724,0.147
645,martinjames@example.com,Michele Johnson,garrettryan,"90339 Lopez Forks Apt. 746, East Alicia, MH 37191",5088277007,6011545641002090,michael21@martin-summers.org,(470)518-2178,0.172
646,townsendgeorge@example.org,Christopher Johnson,john14,"7646 Sean Cove Apt. 850, Tinamouth, IA 63508",(550)539-1455x50803,4034034388306566,nbowman@morgan.com,(285)241-1690,0.068
647,whiteheadandres@example.net,Robert Davis,manningcrystal,"486 Barr Extensions Suite 054, Samanthaville, ID 04862",(454)876-7462,4459379690732315291,kgreene@anderson.com,001-994-208-6908x91457,0.112
648,tanyamcbride@example.net,Nicholas Pittman,uwashington,"23339 Mcconnell Vista, Williamsview, VA 15856",365-727-5220x2139,501803230983,frazierheather@harris.info,(497)651-7076x3702,0.167
649,romerojustin@example.com,Benjamin Burton,brendalynch,"37237 Stuart Valley Suite 340, East Christinamouth, ME 16709",520-974-4967x49486,3526088238964534,chelsea39@hall.com,+1-520-917-8864,0.056
650,michellesoto@example.com,Randy Robbins,jacob00,"77451 Hernandez Summit, Alexandrafort, NY 57815",001-791-251-9638x26647,4580116571399837325,kimberly68@miller-wilkins.org,419-887-9813,0.145
651,jenniferwilliams@example.org,Renee Davidson,wilsontanya,"77246 Palmer Cliffs Suite 339, Port William, PR 89805",+1-753-931-5942x515,343783221990200,ppadilla@martin.org,(973)987-2999x48923,0.165
652,anitacarter@example.org,Barry Fisher,gary74,"028 Johnson Path Suite 374, Lake Michael, IN 78965",6372388641,4852980252517705,david46@smith.net,+1-661-320-1580,0.109
653,rodriguezelizabeth@example.net,Sonia Martin,janetthompson,"58981 James Alley, Scottfurt, AL 55135",001-268-485-4118x49019,30113792324928,michellepaul@moreno.com,+1-461-559-5237x8536,0.106
654,vargasgeorge@example.net,Jordan Diaz,creynolds,"110 Smith Route Apt. 899, Port Tiffany, AR 83019",803-762-3400,6011552720421050,richardsdaniel@li.com,(224)911-9602x87336,0.08
655,cory36@example.net,Jacob Walters,jeremycastillo,"94959 Keller Junctions, North David, NC 11313",460.201.8549,213130677860387,pyoder@moore.com,(691)452-4070x243,0.166
656,jesus36@example.org,Sean Reyes,tylerwoodard,"40267 Denise Ridges Suite 789, West Wendy, TN 89999",(997)858-3257x42552,4341404832273191,braymaria@gonzalez.com,380-953-6780,0.171
657,berrykyle@example.org,Jennifer Avila,gonzalezkyle,"72138 Sanchez Grove, Downsberg, MS 03430",+1-654-250-1055x4303,213179889307430,nweiss@bates.com,(820)731-0102x648,0.106
658,garciaashley@example.com,Jacob Stevenson,nortonbarbara,"43975 Mike Junctions, South Leonardfort, AL 25086",+1-768-459-0032,4722547588017,tinawalton@reyes.biz,(520)262-7589,0.076
659,rhondawilson@example.com,Robert Lucas,stokesjacob,"5826 Lara Path, Shawnmouth, WI 55460",(296)600-0800,4773903196543690,bradgarcia@cole.com,388-599-5324x232,0.055
660,bellstephanie@example.net,Thomas Dennis,hurleywhitney,"Unit 2717 Box 6490, DPO AP 11538",+1-513-437-5082,4472231777413013369,johnchavez@nguyen-vincent.com,417.874.6088x3668,0.18
661,andradesierra@example.net,Joshua Cruz,melanierush,"32979 Michele Coves Suite 116, New Brian, CO 68364",+1-840-526-9745,4126981974391083332,allencantrell@johnson-freeman.com,+1-447-801-4233x93759,0.185
662,hineslisa@example.net,Rebecca Washington,jenkinsgloria,"014 White Radial Suite 229, Alecfort, SD 76700",902-418-6018x38981,344230240325181,holmesashlee@wright.com,262.313.7980x72881,0.129
663,glenda20@example.net,Anna Henderson,garrett44,"2456 Shawna Crest, South Dawnfort, AZ 15859",001-894-846-0258x7704,4531544565553788667,bishopbryan@francis.biz,001-572-862-2267x5078,0.131
664,brewerheather@example.com,Samantha Williams,mejiavictor,"5921 Monique Circles Suite 156, Wilkinsview, AZ 90273",001-848-410-0925,6508743003059770,smithkenneth@austin.com,+1-948-491-5521,0.052
665,sholland@example.net,Leslie Mccoy,monique38,"510 Michael Knolls Apt. 873, Port Stephanieville, OK 35805",001-639-425-5687x8004,180077296233687,chad28@lee-ross.info,(287)654-5120x1745,0.069
666,jennifer48@example.net,Catherine Page,ymcdonald,"17544 Robinson Wells, Kevinburgh, UT 75829",483.602.6913x57748,374907023692498,shanesanchez@melton-gomez.com,886.483.1594x2633,0.105
667,davidanderson@example.net,Larry Anderson,marietucker,"11970 Sharon Forks, Olsenburgh, PW 97615",+1-915-501-7741x35853,30002323813600,qcarter@fry.org,609.425.0128x21267,0.083
668,ocontreras@example.net,Kevin Johnson,davidrivera,"45583 Kenneth Valleys Suite 501, Brendanhaven, IN 33245",591-815-8465,4282304852190906,foxlogan@cameron-pena.biz,+1-412-257-3474x455,0.126
669,micheal58@example.com,Steven Perez,kevin44,"USS Yoder, FPO AP 35603",717-727-1661x374,38979988109089,whitediana@crosby-williams.biz,(953)332-1708x3724,0.195
670,fostercynthia@example.net,Courtney Ferguson,garciajessica,"932 Katrina Bridge, Port Suzanne, MD 60211",602-298-4221x831,4210565289477503574,showard@fernandez.com,807-314-2709,0.117
671,lisahodge@example.net,Ms. Kristine Lewis MD,bgarcia,"99391 Houston Knoll, East Susan, GA 77508",844.769.8431x43699,4133129123291006,mcdonaldcourtney@pacheco-avila.com,+1-790-257-4884,0.098
672,heathjerry@example.net,Jeffrey Aguilar,alexandersoto,"50289 Bailey Wall Suite 408, New Jacqueline, MD 46712",+1-331-966-8597x9846,2225408529948184,kennetholiver@cooper.com,+1-264-810-1250,0.114
673,penajulie@example.org,Virginia Parks,huffheather,"3631 Parrish Pines Suite 644, New Richardtown, AZ 51206",944-749-7242x844,4147727420144176,kdavis@hernandez.org,(592)629-2422x573,0.145
674,dleblanc@example.com,Tamara Wilson,lori24,"3021 Sarah Place Suite 746, Wyattshire, CA 87304",318.999.5298,180098149145118,zhudson@mckinney-carroll.net,001-450-379-9561x505,0.08
675,patricia90@example.com,Julie Fitzpatrick,brittany57,"37823 Donna Coves Suite 786, Gouldfurt, SD 79951",(727)704-3087x7999,30004208166971,john12@davis.biz,(450)360-4150,0.163
676,acostachris@example.com,Jacob Sims,staceyjohnson,"000 Nguyen Viaduct Suite 452, Allenshire, NH 65463",(339)804-8126x65976,180039040806770,jean56@sims-snyder.com,001-295-419-1325,0.172
677,andrea35@example.net,Anthony Jones,andersonhoward,"868 Turner Groves, Juliaborough, MA 48138",9545737265,4610472817178069,shawstephanie@smith.com,001-766-292-1629x3384,0.181
678,katherine83@example.com,Heather Sanchez,michael96,"0885 Ashley Crescent, Destinyburgh, RI 58599",544.266.0303x136,4160474949070408,richard95@schaefer.com,001-698-295-9023x8575,0.054
679,drakedavid@example.com,Tracy Mcmahon,emilysalinas,"388 Rivera Knoll Suite 768, Smithchester, ND 52173",(543)789-5170x3701,4761367206142071771,tammylittle@cooke-todd.com,970.406.2082x1835,0.154
680,tracy25@example.com,Ronald Doyle,ingrammartha,"385 Jennifer Groves, Johnport, NM 32805",319-589-0802x7129,30073467546033,nancy47@walker-harris.com,4754051492,0.064
681,hobbsjames@example.org,Victor Hull,kevin81,"Unit 7120 Box 2224, DPO AP 37024",232.865.8754,3550518204565922,rothcarol@jones.com,+1-325-764-3833,0.092
682,jason50@example.org,Tara Simmons,vcox,"9840 David Oval, Lucasville, AS 41584",323.389.3646,4535322526020221,stevensellers@powers.biz,001-860-487-4763x47915,0.194
683,evelynwright@example.org,Joseph Boyd,colleenhorn,"40639 Yolanda Tunnel, Brianview, OH 45158",219.627.9799x61835,4964275586362729,jmartinez@johnson-perkins.com,200.390.3718x823,0.126
684,daviswillie@example.net,Robert Klein,mcdonaldcaleb,"42522 Mahoney Crossroad, Lindaport, TX 52175",221-555-6099,3507109663273770,michael15@sweeney.com,879.367.9693x403,0.078
685,andrew28@example.com,Nicholas Dawson,jboyle,"077 Patricia Crossroad, Payneport, VI 46497",001-730-948-8050x00004,4176892030972194502,josephmorales@fields.info,595-998-8828x86365,0.128
686,larsonmonica@example.com,Crystal Webb,mhall,"028 Walker Villages, Port Bethanyberg, PA 59028",001-305-890-7396x8736,375595425675499,jaredgraham@lee-miller.com,001-304-392-6066x0840,0.085
687,wandasmith@example.com,Dale Yang,schultzdiana,"49899 Johnson Center Apt. 570, West Maryland, NC 83184",(545)715-1548x231,3516986066639007,zlandry@vasquez.com,+1-591-628-4262x49355,0.155
688,robertryan@example.com,Heather Ingram,amills,"8100 Edward Roads Apt. 999, South Tracymouth, MS 97183",988.458.2497,4832717050423,xhernandez@taylor.com,(695)605-2741,0.071
689,jessica44@example.org,Timothy Sweeney,kleinsarah,"258 Stephen Lodge Suite 444, Leehaven, IL 99043",+1-952-920-3624x172,341491729867522,atkinsoncameron@daniels-ramirez.com,+1-557-566-1233x678,0.191
690,justinjuarez@example.com,Shane Mcdonald,daniel24,"5762 Maria Courts Apt. 890, Myersberg, NE 03312",7902810676,3503803846952649,john79@ellis.net,7919904717,0.079
691,jessica73@example.com,Theresa Robinson DDS,melanierichardson,"859 Monica Inlet, South Anitatown, AK 06350",9457985640,639053343716,dylan85@house.com,001-334-833-0955x13568,0.135
692,ngilbert@example.org,Bobby Lopez,qhines,"483 Christina Parks Suite 255, West Julie, AL 79010",+1-797-905-3504,2274539119438374,nathaniel35@velasquez.com,001-436-457-5198x897,0.138
693,kshields@example.com,Jeffrey Goodwin,conniejensen,"2199 Daniel Ridge Suite 125, Kaylaville, UT 41005",864-558-8732x94126,180089541357757,joseph38@gilmore.com,001-853-357-6321x860,0.064
694,bmoore@example.org,Sonya Jordan,joan80,"0602 Wilson Locks, New Valerie, SC 16159",3089003949,2584790968222618,elliottashley@meyer-huang.org,2963512794,0.087
695,michelle37@example.org,Gregory Brown,mejiabonnie,"9731 Baxter Mountains, Johnsonstad, MH 03452",+1-645-398-2732x94689,38074704562280,robert71@young-patel.com,851.275.8282x014,0.135
696,christophergallagher@example.net,Ronald Anderson,tommy30,"45663 Jeremy Mission, New Stephen, ID 66982",618-809-8115x15894,4032414894848444613,floydkimberly@lopez-gonzalez.com,9385822910,0.125
697,samuelfitzgerald@example.net,Christian Anderson,yandrews,"13137 Gonzalez Divide, Port Sarahville, MP 82477",821.760.2141x22977,503866282463,barrydavid@lee.org,+1-286-792-4178x39721,0.163
698,william67@example.net,Eugene Hudson,colekatie,"USS Osborn, FPO AE 91536",+1-807-785-2418x51679,376537300462790,jeremy21@turner.com,418-279-5681x339,0.072
699,cjackson@example.net,Austin Cook,dtorres,"PSC 9035, Box 5751, APO AA 61434",477.586.9018x3179,5104205315432947,jeffrey58@johnson.net,+1-747-776-2889x2501,0.136
700,crice@example.org,Heidi Estrada,daniel96,"PSC 7470, Box 4517, APO AP 66560",+1-759-408-6289,3532490865014363,valentinedaniel@rodriguez.net,(980)256-2772,0.142
701,xblankenship@example.net,Daniel Dodson,jonathan23,"59355 Evelyn Stream Suite 263, East Mikeville, WV 71402",713-647-0451,4822902732182,hollybrown@wells.com,+1-282-708-0665x5581,0.071
702,oliviamartin@example.org,William Arroyo,brianthomas,"2874 Crystal Lock, East Mary, VA 14981",+1-476-963-7712x58090,4871750088890,wardbryan@lee.com,541-570-5962x86680,0.154
703,margaretperkins@example.com,Pam Johnson,johnnysherman,"7646 Alexandra Path, Wrightmouth, MN 31699",+1-957-203-9901x9303,379390691153686,charles34@burns-wheeler.com,8949127244,0.175
704,michaelcampbell@example.net,Andrea Taylor,lisairwin,"392 Sanders Haven Suite 844, Villegasmouth, AR 69650",001-247-210-5225x3623,36116154983268,floresdavid@proctor.com,268-583-3205x44509,0.084
705,emilygarcia@example.net,Holly Roach,xtorres,"Unit 6557 Box 0443, DPO AP 91023",789.415.6265x636,3520082108480610,shannon63@jackson.org,518.511.7946,0.071
706,riosshelley@example.com,Andrew Dixon,ibrown,"36165 Cassie Tunnel Apt. 803, Tiffanyside, PW 88082",001-947-674-4367x48702,2271566829651486,lauren83@mendez.net,393-238-0278,0.152
707,edwardschristine@example.com,Johnny Johnson,joshua80,"7458 Sean Run, Navarroshire, OH 33896",420-239-4337,36436913090225,wnorton@wilkins.com,483-471-5329x412,0.152
708,travissandra@example.net,Tiffany Brown,douglas00,"623 Matthew Lodge Apt. 408, Clarkshire, WV 36840",4588356757,569780832915,mgraham@fitzgerald-bradley.info,001-900-942-2449x564,0.117
709,asolis@example.org,Dawn Anderson,tamara63,"984 Thompson Manor Suite 282, Melissaland, WY 25707",661-642-7499,6506569345273940,nvargas@morris.info,(748)521-6821x721,0.155
710,loganmonica@example.net,Jennifer Austin,xrush,"50096 Sloan Manor Apt. 450, Shawnfurt, DC 60725",001-439-215-6553,4440137703172313362,debraking@garza.com,001-227-437-2248,0.152
711,mvillegas@example.com,Jennifer Castaneda,jordannicholas,"177 West Locks, Mckinneymouth, MI 54718",409.912.1720,213193663184527,johnwatkins@anderson.com,001-496-867-0308x796,0.1
712,fadams@example.org,Elizabeth Montgomery,deniseramirez,"56344 Christopher Lake, West Antonioland, MH 81275",001-721-510-3972x91699,5256358642420212,kim36@rosario.info,2907515052,0.087
713,mguzman@example.org,Willie Solis,vfranco,"4563 Molina Stream Apt. 863, West Abigail, GU 96444",232-313-3673x80846,6521821856509167,matthew35@smith.com,247.835.8678x29734,0.07
714,kennethjones@example.org,Nichole Williams,williamscraig,"49453 John Ports Apt. 284, Jameschester, DE 61002",001-723-492-3079x80019,6011319433893748,howelljulia@wood.com,288-894-0716,0.107
715,luis89@example.com,Albert Koch,xsimon,"633 Harris Rue, Kennedychester, VA 05528",752.327.1325,4898960139786919,charles92@smith.com,858.842.9832,0.147
716,heidi76@example.org,Sylvia Bryant,meyerscindy,"57813 Daniel Station Apt. 824, Port Christopher, VT 53570",246.777.1805x72496,180096902359900,stewartbrian@allen.biz,2906376002,0.128
717,barkersherry@example.com,Ebony Little,lisa27,"0321 Gregory Common Suite 241, North Brentton, NY 65143",+1-411-916-2668,6011339254911809,randyreynolds@bowman-martin.com,(975)915-2326x027,0.063
718,hernandezsusan@example.net,Robin Anderson,michellehayes,"448 Miller Motorway Suite 325, Lake Ashleyburgh, WV 85331",(819)276-1494,2293289553816183,christopherhogan@oliver-jenkins.com,(930)577-0921,0.156
719,michelle26@example.org,Madeline Ross,kathryndodson,"9242 Alexander Fords, Terryfurt, ME 41118",+1-719-231-6263,213152870504695,christopher66@porter.com,+1-321-433-2533,0.163
720,michael80@example.net,William Sanchez,kvaughn,"72811 Heather Greens, Wilsonton, CT 38553",001-925-675-6615x222,349428693308739,uray@pham.com,+1-919-374-3999,0.156
721,kevin38@example.com,James Jordan,thompsonjeremy,"6651 Smith Radial Apt. 568, Michaelport, AZ 74232",848-779-5801x0072,30517343489750,bnunez@monroe-gray.net,+1-235-349-3297x1588,0.138
722,nelsonerik@example.net,Jasmine Duke,xholland,"6761 Edward Junctions Apt. 194, East Jennifer, TN 04207",(483)554-7034,6538791346280003,combskimberly@jackson.com,485-727-4115x493,0.192
723,barbaraarmstrong@example.com,David Smith,phillipsmichael,"0399 Wilson Forges Apt. 980, West Kellyside, CO 50349",+1-611-710-0289x34641,4801022887241,markwilkins@kelley-williams.net,967.772.7532x73059,0.081
724,wilkinsraymond@example.net,Regina Shah,amanda89,"8223 Elizabeth Drive, Jeffreyton, MN 80321",001-676-574-9717x7115,4208931711035,ugardner@carter.com,425-714-7046,0.055
725,jasmine83@example.com,Angela Barnett,wturner,"639 Ryan Viaduct Apt. 114, North Donnaburgh, CO 74955",553-956-7271,5416987931657832,ldawson@cook.com,915-695-0159,0.172
726,jenniferlopez@example.com,Dr. Erika Holt,ble,"74811 Jared Mountain, Russelltown, PA 15924",707.841.0382x9128,347800533192808,nmarshall@washington-maddox.net,001-663-512-3886x031,0.14
727,vmassey@example.org,Timothy Cobb,singhvictoria,"USS Moreno, FPO AE 20802",001-316-527-6482x80951,4055393433423089,xnguyen@cardenas.com,(361)679-2309x32918,0.105
728,ellisangela@example.com,Hector Chang,harrisjerry,"88652 Miller Knolls, West Patricia, ND 62975",(423)809-8834x1418,4348397868775876154,fcollins@garza-roberts.biz,001-341-566-1877x2421,0.151
729,michaelwerner@example.com,Charles Morgan,ageorge,"33159 Hall Springs Suite 654, North Elizabeth, FM 81864",7815354724,4330808211539779,garcialaura@terrell-thompson.biz,+1-581-493-1651x01708,0.078
730,sarah13@example.net,Steve Delacruz,jesus94,"5889 Cunningham Prairie, East Ericaland, NJ 35710",(879)752-3924,4091658373233,lyonsdaniel@jones.net,(739)618-3823,0.179
731,vharris@example.net,Brian Williams,rodriguezjoseph,"19489 Victoria Gateway, East Brittanyfurt, GU 21184",+1-240-667-2252x0194,36180908652868,ruth74@jones.com,248-614-9826x6696,0.189
732,joliver@example.org,Melissa Williams,woneill,"370 White Fords Suite 912, North Melissaland, WA 56697",465.224.6905x576,4708447389911,christy22@ochoa.biz,807.767.1096x74238,0.132
733,xhicks@example.org,Jacob Johnson,elizabethsoto,"79106 Riggs Expressway Apt. 366, Westmouth, NY 76632",605.659.8948,4628753378684573,kturner@brown-hernandez.com,(528)542-4180x4124,0.119
734,qrios@example.com,Thomas Henderson,nathantaylor,"PSC 3813, Box 9509, APO AE 26969",6582452208,6554687447528457,wwilliams@garcia.com,781-986-2180x552,0.114
735,johnnyperez@example.org,Glenn Hendrix Jr.,qvelez,"22839 Ward Road Suite 525, South Michelle, CA 81837",+1-219-287-5944,30318343815163,hamiltontina@bradley-rivera.com,001-772-293-0602x18293,0.081
736,haysbryan@example.com,David Castro,carterwilliam,"34842 Arias Crest Apt. 141, Garciashire, MD 72734",585.265.9458x1860,180062707511996,evansjason@coleman.com,001-401-752-9989x8531,0.087
737,abutler@example.com,Nicole Aguilar,martinezbailey,"Unit 6525 Box 9473, DPO AE 04155",260-988-4279,4235295646957519,jacobhall@carrillo.org,+1-393-687-1176,0.186
738,lflores@example.net,Antonio Osborn,scott11,"68784 Kevin Track, West Kristin, ID 21827",(706)588-0653x05947,3514352397547900,marvin92@mason-powell.com,(911)405-5189x38874,0.177
739,williamssonia@example.com,Linda Brown,wanda26,"22018 Jaclyn Parks Apt. 633, South Randyhaven, IL 83984",677-425-4550x4804,4333167556382995828,jasondixon@davis-thomas.biz,347.805.3078,0.139
740,lisamclean@example.com,Blake Carlson,lucas52,"3783 Zachary Junctions Apt. 231, New Amanda, AL 91782",8702004746,4016586921445910533,katherineallen@simpson.org,(445)746-4444,0.073
741,jonmontgomery@example.net,John Barker,gonzalesjeffrey,"9362 Steve Junction Suite 390, Janetstad, IA 64203",2778601899,30188902965687,joseph41@byrd.com,700-282-6117x19575,0.139
742,eugenebradley@example.net,Lucas Carter,kevinrodriguez,"4203 Velez Forks, Ruizborough, NV 68097",371-374-1365,4811620182309,oking@gray.net,666-304-6619,0.088
743,angela12@example.org,Christina Mason,walshmichael,"79729 Kenneth Stream, Oneillbury, AS 88814",+1-365-492-2290x300,4197798786191779,gmoore@lynn-gay.com,+1-998-296-0832x0215,0.085
744,norrisrobert@example.com,Ryan Bowers,xsteele,"01290 Wilson Rapids Apt. 129, Briggsstad, ME 82735",(804)710-1279,639091124755,schmidtmichelle@bowen.com,001-867-406-5177,0.099
745,gcervantes@example.net,Lori Pena,vrogers,"29988 Murray Wells, Kathleenshire, SC 63976",+1-473-925-7932,4615931765516,sheilafisher@marsh.com,2776719091,0.108
746,adrienne25@example.com,Jennifer Schmidt,bmoore,"USNS Jones, FPO AA 73394",(473)643-6294x6263,4696002115245,theresareyes@ross.com,323.868.2575x9520,0.13
747,chamberskayla@example.org,Casey Caldwell,aaronperez,"71498 Howell Rest, Lake Krista, CA 77859",001-728-321-9338x0800,4098304929448893175,abrown@murray-palmer.net,282.225.3348,0.109
748,kendralee@example.net,Amy Schwartz,anthony15,"54635 Victor Squares Suite 542, Burnsfurt, PR 43017",533.781.8573x69159,3545799710779177,danielchen@bishop-carroll.info,(732)572-1967x186,0.197
749,sarahvasquez@example.org,Charles Phillips,kbentley,"650 Patrick Key Apt. 650, Mirandamouth, ND 72407",(703)339-3676x1306,4437781023700,leegarcia@garza-white.com,(906)642-3576,0.147
750,cmccarthy@example.com,Anita Lambert,ywalker,"97351 Robert Lights Apt. 623, Nicolefort, WY 40436",(619)248-8694,346697850466992,brian49@johnson.com,(446)416-5917,0.104
751,lking@example.org,Angela Hale,dgreen,"75646 Johnson Pines, Port Michelleberg, NJ 36889",(350)500-1339x373,4425592101772221,mark50@morris-baker.net,916.395.2692x7147,0.142
752,garciakendra@example.com,John Johnson,moorejames,"10089 Decker Spring Suite 103, West Christopherfort, NY 83173",(904)667-0393,3588529371301138,yyang@bell-gregory.com,+1-635-686-5262,0.054
753,mario21@example.net,Rebecca Jackson,crossalisha,"202 Joseph Ways Apt. 050, Aprilshire, PA 43429",+1-243-624-0520x050,4491689339699058829,kenneth31@tran.com,871.410.7842x6422,0.179
754,kristinlarson@example.net,David Schneider,charles58,"77357 Phillips Key Apt. 348, North Veronicabury, MH 13945",001-255-516-7094x4585,4581680980161726307,leslie98@weiss.com,352-357-9231,0.141
755,vjones@example.org,George Campbell,lewisjoseph,"9539 Terri Wall, Port Cameron, UT 76049",+1-422-272-5902x85702,5270643974605031,thomasjohnson@booker-hess.net,001-309-386-7776x564,0.083
756,cameron60@example.org,Suzanne Green MD,mallory23,"18042 Kathy Court Apt. 686, Veronicamouth, KY 45080",732-299-6512,3515082373030030,cpittman@small-smith.com,+1-819-260-6179x148,0.116
757,brucehorton@example.net,Victor Hunt,qespinoza,"107 Jimenez Club Suite 617, Lake Caitlin, MA 23024",+1-568-802-7941,30562767028957,rebeccaflowers@miller.com,(297)212-6492,0.186
758,kellie14@example.org,Natalie Walker,tammycummings,"676 Micheal Bypass Apt. 731, Michelletown, NM 57932",+1-525-763-7283,4495629611585576617,ortizkevin@sanchez.com,+1-747-507-1256x9100,0.096
759,benjaminsusan@example.org,Edward Pham,philipthompson,"1765 Nguyen Fort Apt. 078, Lake Amandaborough, DC 79291",9336765598,30331741802998,bgonzalez@bennett.com,001-635-826-5815x2833,0.2
760,joshua99@example.com,Susan Hart,zlowery,"959 Bean Lights, Lewisfort, PW 93979",260-820-0716,2226756783491989,james71@lopez.biz,485-590-9548,0.169
761,kmaddox@example.com,Mark Leon,llee,"47515 Strong Union Suite 441, Ericbury, CO 22418",221-639-4893,4503466976981479,cbrown@macias.biz,6647587286,0.171
762,mpatterson@example.com,Alexandra Hernandez,shawn04,"5446 Daniel Mount, Barkermouth, AK 20896",841.590.3878,4377801205764,rosalesalvin@rodriguez.com,001-538-798-0411x648,0.082
763,jon41@example.org,Nicole Rodriguez,ashleymichelle,"USS Smith, FPO AP 50523",370.502.7455x580,4707829599001947544,douglas14@moody.com,(210)302-7804x018,0.178
764,tmurray@example.org,Breanna Torres,crystal11,"0916 Potts Loaf Apt. 504, Matthewfurt, PW 00911",999-976-7486x06581,2625419786696073,marycortez@freeman.com,(508)435-6693x72779,0.084
765,andreahernandez@example.org,Amanda Hicks,romandonald,"532 Mary Throughway Apt. 742, Hernandezburgh, WI 04690",001-977-852-8550,3599055676095222,stephen88@henderson-wyatt.net,704-460-2473,0.059
766,qmitchell@example.net,Chad Hunter,bradfordkyle,"84299 Robert Turnpike, East Kyle, PA 07765",635.317.3909,3548775407177864,williamsjames@morales.com,(461)908-8900x50632,0.19
767,bbrooks@example.org,Benjamin Garcia,jdavis,"613 Smith Tunnel Apt. 105, New Stephanieburgh, MT 07158",601.525.2874x11011,30536625896078,devans@hill.com,4602867352,0.116
768,xharris@example.org,Charles Sullivan,brianwaters,"055 Wells Squares, West Danielle, ID 79071",4164400194,4044113664170116,sjohnson@espinoza-white.org,+1-957-720-4652x4424,0.19
769,tbarry@example.org,Thomas Henson,anthony98,"79492 Pope Mission Suite 972, Bryanport, NH 16470",(971)719-8121x7731,4270697650038704,marie64@leblanc.com,558.856.6454,0.178
770,marknelson@example.org,Sarah Edwards,timothygates,"4867 Melinda Landing, Albertview, AL 48854",+1-264-707-5312,180041335408775,ryan60@clark-schroeder.com,893.627.7457x0146,0.129
771,katrinagardner@example.net,Catherine Mcclain,hectorrichard,"USNS Moore, FPO AP 75658",701.882.0578,213150804130447,hkirk@roy.com,241-565-6017,0.073
772,ruiznicole@example.net,Jennifer Nixon,justinhorton,"577 Gamble Trail, Lake Diane, TN 85675",215-662-2067x0800,371048352826713,mpowell@rose-daniel.com,864.398.8622,0.169
773,ctrujillo@example.org,Sylvia Berg,castrosandra,"79553 Johnson Path Apt. 090, New Alexisport, ND 30529",001-437-475-3185,6547481419905285,kmiller@gallagher-ruiz.com,001-870-670-0655x674,0.18
774,haleyburke@example.net,Michael Walker,christopherkey,"562 Holly Lights Suite 438, New Sean, MD 34755",+1-771-782-4898,2720219188087085,iclark@spencer.info,+1-219-341-4870x00625,0.188
775,ethompson@example.net,Gregory Alvarado,harrisonwayne,"075 Benjamin Forest Apt. 762, New James, CT 68770",955-916-7459,4221491679540944,vsmith@russo-mcdonald.net,001-991-802-4755,0.179
776,estewart@example.org,Nichole Alvarez,michael65,"17174 Austin Brook Apt. 240, West Rachael, AR 72250",(761)212-2027,4405872652044234946,victoriaferguson@medina.biz,554.697.7403,0.12
777,michelletaylor@example.net,Elizabeth Charles,josephsnyder,"1905 Wolfe Lights, North Julie, MI 65543",621-231-5462x2071,3561136458847818,alanmaxwell@melton.net,(660)236-7777x4926,0.103
778,fbentley@example.net,Sarah Pacheco,lisamcdonald,"886 John Parks Apt. 527, Port Kimberly, IA 69778",693.373.4770x6077,4430741810787,bennettchristine@craig.com,001-553-523-3751x45069,0.068
779,rhondabradley@example.net,Jeremy Byrd,sandra91,"976 Johnson Road Apt. 510, Port Josehaven, NH 06923",937-972-0884x28627,3598114103030905,aaron35@olson.com,(468)595-6423x571,0.074
780,robinsonlinda@example.net,Kevin Frank,oforbes,"28048 Paul Loop Apt. 121, Port Justinshire, AL 79470",6205322434,676344862856,codyjackson@mcdowell.com,579.472.4546x44372,0.093
781,steven28@example.com,Carol Austin,johntorres,"2353 Donald Route Suite 943, East Antoniofort, DC 78566",001-429-633-8952,374717654113924,elizabeth66@murray.com,001-295-767-8059x475,0.137
782,rebecca04@example.org,Nicole Cruz,huffjoseph,"8137 Curtis Forks, Charlesshire, VI 42742",829.303.0298x25574,4076633894806107,jeffrey39@martinez.com,+1-970-672-3264x008,0.095
783,marksnyder@example.org,Sarah Cowan,johnsonsydney,"45736 Combs Prairie Apt. 243, Lake Erinberg, OH 74659",(885)657-9091,576295920309,linda43@henderson.org,4548838455,0.119
784,thomas38@example.com,Kevin Gomez,vcarter,"1830 Howard Manors, Lake Jasminebury, VA 91652",(217)760-1910,342308034334528,amanda12@johnson.org,971.582.4072x7641,0.191
785,vincentjohnson@example.org,Jeffrey Monroe,william26,"8461 Raymond Stravenue Suite 414, Castroside, ND 56145",(976)681-4984,4503323738202,smithrobert@gaines.org,269.855.5170x9929,0.101
786,jamieflores@example.net,Heidi Shaffer,donna45,"141 Rhonda Lodge Apt. 467, Lisaberg, MP 95543",498-754-0040x29400,344158558719770,kristirobinson@reid.net,399.665.4907,0.193
787,anthony59@example.org,Cindy Hensley,angelaellis,"79919 Powell Street Apt. 798, Rileyville, WY 95592",337-457-2058x85581,4634352656330635843,charles49@roberson.com,786-945-5061x0092,0.152
788,kennedychelsea@example.org,Cynthia Butler MD,lauramitchell,"75046 Harmon Flats, Geraldberg, IN 86918",220.629.3554x3173,4943705249721891,anthonygoodwin@carroll.net,+1-535-874-0082x61062,0.16
789,itucker@example.net,Daniel Chapman,xleon,"15231 Vaughn Inlet, Lake Michael, OK 61602",846-485-7117x91437,180066769285589,xbrown@francis.com,(315)575-7009x848,0.116
790,fglenn@example.com,Jonathan Koch,loliver,"389 Timothy Valleys, West Patrickstad, RI 60246",944-996-2588,4712964639245,maria46@campos.com,(684)611-4608,0.147
791,zcastaneda@example.org,Michael Velez,danareeves,"2593 Laura Points Apt. 062, Jonathanside, MO 98880",230.378.6646x6172,3511295899060455,ygarcia@woodard-zavala.biz,372.834.7244x0132,0.105
792,christine92@example.org,Jeremy Jones,robertbrown,"735 Vargas Junctions, New Eugeneburgh, MD 94877",408.673.7656x2138,38486909840131,stephanie66@mcdonald.com,+1-568-523-6739x9827,0.176
793,lawrence63@example.org,Jenna Wilkinson,houstonjustin,"707 Austin Fort, Jessicaville, NJ 49463",+1-361-292-5697x87878,2254716326941283,zdalton@salazar-travis.com,4758717184,0.087
794,lauren04@example.com,Rebecca Wolfe,lindsey25,"83825 David Passage Suite 863, Nunezton, NY 82091",+1-239-445-6374x500,2720774456358022,ycox@wyatt-pearson.com,+1-801-234-7381x017,0.092
795,cheyenne31@example.com,Sarah Gonzalez,anthony11,"PSC 1083, Box 5043, APO AP 46700",+1-924-523-8902x3042,4730809025487,johnsonrichard@carter.com,(809)358-0375,0.055
796,brookerichardson@example.org,Matthew Jones,kwalker,"USNS Barton, FPO AE 74765",(627)771-3493,4754169294954,joseph19@sandoval.com,454.436.0427,0.052
797,garcianicole@example.org,Andrea Williams DDS,andrea81,"78015 Stacy Fork Suite 187, Jenningsmouth, DC 56194",+1-640-267-1258,6589301261903726,nsanchez@barnett.com,(902)593-5919,0.088
798,jeremy92@example.org,Bridget Alexander,bprince,"3451 Corey Dale Suite 035, Hernandezstad, NE 09989",7303967182,3576135152664167,gonzalesnicole@horn-watson.org,(515)228-5403x918,0.115
799,katherinelong@example.org,Brian Flowers,jefferystewart,"98936 King Motorway, Port Stephanieberg, MO 43109",9398048540,180079098871151,dana51@mendoza.org,001-229-657-9906,0.18
800,seth63@example.org,Louis Moore,jeffreythomas,"32628 Adam Loop, Port Sarah, VA 53622",+1-623-985-8421x411,4998277462504,ktorres@reed.com,001-849-431-8273x724,0.087
801,jeff65@example.com,Margaret Henderson,mooremark,"28287 Justin Grove, West Darrenmouth, IA 87691",461.251.1860,2708609158673086,angela04@gonzalez-scott.com,001-899-890-0295x170,0.194
802,pachecovictoria@example.org,Michael Kelly,zstone,"779 Teresa Flats Apt. 389, South Bryan, GA 57261",581-686-0508x161,4073562387702648530,zcampbell@nelson-lee.net,708-356-9103x210,0.157
803,xwolf@example.net,Linda Jones,jessica19,"33073 Mann Inlet Apt. 749, Shawbury, MN 54834",638-953-0384x67031,676180829753,psmith@tucker.com,435-518-5752x76444,0.075
804,lhicks@example.com,Gerald Jimenez,krodriguez,"20525 Patel Manors, Mortonmouth, ND 91949",001-801-248-0137x7470,6011951608538219,linda23@stanton.com,001-882-894-1267,0.186
805,richardphelps@example.com,Jessica Edwards,garrettjames,"6057 Sarah Lodge Suite 405, Fernandezborough, DE 58106",(661)548-3435,374312052883912,andrewtorres@harris-harmon.com,689.792.2102x381,0.154
806,watkinsmarvin@example.org,Blake White MD,ryanlinda,"921 Crystal View, Port Juliaport, UT 66250",(866)547-1008x28120,30374572866336,mtrujillo@young.net,448.231.4122,0.147
807,snyderbenjamin@example.org,Mark Atkinson,jeffery14,"95247 Harris Station Apt. 271, Leonmouth, OH 81366",001-830-829-5701x06750,2711550006950000,igreen@franklin.com,(665)764-3816,0.156
808,krowland@example.org,Debra Gray,jonesalicia,"8488 Bates Manor Suite 008, South Paul, LA 28089",+1-651-406-7762x32201,4129182301237,alyssa24@le.com,652-778-3235x48624,0.117
809,jeffreygonzalez@example.org,Jason Harrison,barneserin,"64822 Sabrina Vista, Lake Jason, IA 53707",+1-886-430-7245x349,4136849910342,omorrison@stokes.com,+1-870-219-6445x879,0.194
810,candice41@example.com,Steven Mcdonald,keithhamilton,"46248 Byrd Mountains, Jamesfurt, MD 06550",001-603-839-5787,6524935879620392,klewis@robertson.biz,001-289-652-7206x0139,0.091
811,holly63@example.com,Joseph Powell,samanthafinley,"01994 Stacy Port, Michaeltown, AR 91196",001-441-994-5544x7321,376365961669689,tsanders@jones-brown.com,482.686.5626x76003,0.107
812,jodi90@example.org,Julie Bradshaw,samanthasmith,"Unit 6944 Box 8485, DPO AA 00821",+1-544-547-4785x5129,371898456714284,kellytaylor@conley.com,780-316-2865x409,0.069
813,dsantos@example.com,Robert George,mhernandez,"201 Kelley Rapids, West Lauraview, MO 77312",599-737-7552,675966316985,weavertonya@mendoza-maldonado.com,(629)203-3061x97470,0.1
814,kayla41@example.net,Gabrielle Wells,phillip64,"11031 Hughes Prairie Apt. 073, Kevinchester, WA 78634",489.357.2023,6011388093860156,priceconnor@schultz-bradley.org,657-936-1162x472,0.053
815,ronniereyes@example.org,Stephanie Harper,vsantana,"USCGC Strickland, FPO AA 31800",797-361-6875x75190,3559051420122949,christina11@rodriguez.biz,(736)461-2681,0.178
816,pamelajones@example.net,Anna Anderson,greg70,"1886 Amanda Camp Suite 371, Crystalview, NE 47953",(862)393-7608,4752964943576776,thomasthomas@terry.com,+1-831-904-7106x98687,0.061
817,brownjames@example.net,Melissa Garcia,jamie35,"345 Christopher Rest, South Justin, NY 16015",001-952-830-3943x045,4593172111561736,salinasjonathan@jacobs.info,812.779.9662x2381,0.159
818,carriewilkins@example.org,Heidi Kennedy,karenhicks,"024 Margaret Neck Suite 144, Kelseyborough, MO 92858",375.443.5361x37128,4124394688235433935,scottalexander@roth.com,727-919-8783x777,0.167
819,jonessharon@example.org,Patrick Cobb,petersrobert,"935 Watts Oval Suite 706, Lake Joshuaborough, CO 31996",2355283084,4211525953228163,henrydenise@waller.com,297.662.9352x7963,0.058
820,hfoster@example.com,Karen Webb,padillakristina,"346 Fleming Street Apt. 386, Port Barbara, SC 27062",+1-836-207-2761x7155,4773796864633,andreasmith@reynolds.org,001-221-463-8128x743,0.094
821,williamsshawn@example.net,Mrs. Shelly Marshall,finleydavid,"823 Philip Hills, Martintown, VA 35942",001-574-800-8485x2087,4945299669750549374,christinemendez@gonzales-carson.com,334.744.4091,0.064
822,renee41@example.com,Nicholas Mcdowell,richard14,"758 Mary Harbor Apt. 602, West Maryborough, WV 61062",291-965-0956x48641,180063185045127,brownalan@jones-miller.info,001-620-629-6610x339,0.156
823,kimberly63@example.com,Dennis Thomas,jessicasmith,"5690 Laura Divide Suite 662, Roberthaven, VI 32669",+1-269-202-1673x45817,4164383641560,mibarra@king.net,+1-630-478-3323x257,0.165
824,raymond05@example.org,Mary Cook,zkim,"9045 Morales Crossroad Apt. 207, North Brittany, NJ 70627",940-632-1405x726,3584273926968919,harmstrong@meyer.com,+1-527-360-8170x90412,0.086
825,brad32@example.net,Anna Ellis,sanchezregina,"29435 Robert Lodge Suite 805, Michaelville, CA 81573",(766)813-5966x1804,3587172517088672,houstonveronica@merritt.com,373-472-2532,0.083
826,pyoung@example.net,Daniel Kelley,pattersontimothy,"3783 Katelyn Fall Suite 809, Tonyaville, NY 43997",7489870862,6573560642922253,jim54@peck-bell.com,208-686-6843x4584,0.099
827,nicolas55@example.org,Christopher Key,vperez,"66928 Pam Junctions Apt. 487, Davidton, OK 66358",921.239.1217,4371600158229682,susanhill@henderson.com,(660)513-9752x51331,0.189
828,rodriguezashley@example.com,Bernard Lee,reevesjoseph,"10505 Katie Ridge Apt. 110, New Shawnshire, MA 45018",622.483.0768x24562,6011793369913276,jonathanvilla@frank-price.com,(628)548-4961x3769,0.071
829,yjones@example.net,Kimberly Fox,dianebyrd,"2236 Barnes Parkways, Hayesview, MN 22066",(820)461-5047x7158,378025819402984,cynthiaharris@hogan.com,842-950-3951,0.065
830,parksdustin@example.org,Laura Braun,hintonclayton,"PSC 1370, Box 2556, APO AA 01196",+1-483-780-2049x99846,2519434775931745,deniseyoung@berry-allison.com,001-942-783-9433x875,0.197
831,juliegonzales@example.com,Megan Mays,jeffreyconley,"31734 Ramirez Cliff Suite 494, North Shannonfort, GU 35572",001-303-644-2126x82019,4475008706863314,rbradford@shah.biz,(363)533-1110,0.101
832,johndixon@example.net,Penny Franklin,carl18,"534 Rogers Burgs Apt. 844, West Mackenzieton, WV 02482",(743)427-2868x18712,213155539280458,kristinmarshall@haney-thomas.org,6603893787,0.092
833,kristin61@example.com,Matthew Gray,ajenkins,"623 Nunez Walk, Melissafort, DC 38471",287-514-5688x1880,4881991267344,smithbradley@fletcher.com,001-241-403-1622x6610,0.113
834,sarahswanson@example.org,Wayne Ross,kevin95,"63837 Hanna Glens, West Karenmouth, NC 23125",(885)963-0631,4941125797620435265,john74@bates.com,793.350.5366,0.142
835,antonioblevins@example.org,Lori Mclean,atkinsonbonnie,"43149 Michelle Heights, Hollystad, AR 73975",(630)447-7351,060494365061,donna77@kemp-white.biz,+1-753-307-6780x306,0.177
836,briggsdavid@example.org,Matthew Turner,colemanlaurie,"7015 Richard Alley Apt. 511, Jenniferfurt, PA 09719",001-951-675-0120,4628026124200,alvaradomandy@johnson.com,9198233110,0.103
837,melanie77@example.com,Lisa Brandt,christy49,"PSC 8694, Box 0771, APO AE 60327",347.538.1143x347,2713737951787184,millerkelly@phillips.com,(412)701-4649x747,0.066
838,jennifer79@example.com,Joe Gill,jamesholder,"125 David Stravenue Suite 218, East Cameron, VA 02367",643-410-2892,3573610171507921,tklein@murphy.com,553.454.8724,0.144
839,jonathan12@example.org,Amanda Turner,harrisfrank,"547 Martin Mills, Leeborough, DE 11076",973.208.1262,6011726381961907,christina44@fuller-miller.biz,791-793-8696x45159,0.192
840,richardarnold@example.net,Katelyn Cole,madisonobrien,"3976 Crystal Course, New Jamesfort, WV 54129",(791)849-2632,3520798611362074,hfaulkner@johnson.com,001-471-490-2811x645,0.092
841,glenndawson@example.net,Beverly Mcdowell,vasquezlindsay,"02845 Heather Square Suite 311, Michaelland, VT 24192",+1-769-807-8278x5122,347628032407629,mccallomar@andrews.net,001-904-307-4434x37832,0.119
842,colonpeter@example.net,Dennis Alvarez III,ocollins,"5563 Hull Lock, West Maryville, MS 89646",8586662162,4777307354851,hollowaywilliam@patterson.com,+1-783-751-3658x148,0.065
843,kimberly72@example.net,Katie Maxwell,ohenderson,"516 Wells Spurs Suite 522, North Kevin, GA 03693",(321)553-6859x44381,213129650295009,odomalyssa@tucker-dominguez.net,+1-912-422-0362x27337,0.166
844,charleslara@example.net,Denise Parks,alicia70,"95285 Chris Coves Suite 484, Dustinland, IA 32050",001-666-773-7937x757,2295541497367501,perry62@obrien.info,+1-732-627-2680x6543,0.156
845,salvarado@example.org,Audrey Martin,christina91,"65607 David Trail, Williamsfort, OK 88795",844.537.7388x3664,4045755002830,jcastro@gilbert.com,379.374.5542x9460,0.098
846,deannarivera@example.org,Matthew Johnson,wilsonvincent,"835 John Run Apt. 458, South Shelbytown, AS 86806",204.966.4069x86748,4575717527441,ashley48@brown-stewart.net,7798467591,0.118
847,zbyrd@example.com,Amber Arias,ablankenship,"8572 Kristen Path Apt. 229, Craigtown, MI 93860",3106742313,630487726352,dfigueroa@finley.biz,+1-902-314-8217x318,0.117
848,melendezkeith@example.org,Robert Walker,michelle26,"446 Hopkins Trafficway, Brookstown, NM 77470",383.923.6637x2450,4154102003227055,weberian@campbell.com,385.775.4553,0.058
849,matthew69@example.net,James Mcgee,bailey97,"4620 Vaughn Squares, Johnsontown, CA 29362",(429)784-2810x03293,4505430667584750,mary25@nichols.com,222.393.9776,0.124
850,jsmith@example.org,Wesley Miller,robersonjohn,"9392 Fields Parkways Apt. 704, Samanthaville, WA 36472",+1-303-974-9191,3590388020417209,gibbstraci@garcia.info,742-755-2281,0.175
851,malonebenjamin@example.com,Bruce Hansen,brandonflores,"210 Smith Ports Suite 063, North Andreamouth, OH 67258",780.375.8138,30337925318800,cindy33@powell-martinez.com,663.912.3564x27590,0.075
852,janetlindsey@example.com,Brittany Gonzales,rickycruz,"8058 Miller Meadows Suite 189, West Nicholastown, CA 27262",001-954-945-9293x422,4737400495912836435,gsmith@richards.org,(384)263-7875,0.113
853,zjohnson@example.com,Brittany Cruz,gortega,"038 Timothy Well Apt. 899, Bradfort, MS 02396",341-754-2117x54971,6011959272728669,arellanoerica@robertson.info,001-628-941-5319x706,0.148
854,teresa85@example.net,Renee Clark,michaeljones,"5643 Greene Vista, South Kellyshire, PW 48547",001-729-367-3450x2758,6011030279313721,samuel81@sanford.net,(436)758-0206x60114,0.05
855,melody43@example.net,Melissa Harris,zachary98,"329 Isabel Mountains Apt. 886, North Heather, FL 40282",757.217.3011,30010943147515,howardadam@anderson.com,801-704-2120x0872,0.134
856,christianbrown@example.com,William Rogers,dianahudson,"USNS Davis, FPO AP 91698",001-822-785-5572x78996,4725424854355813,erikaharris@beasley-white.com,(838)465-2580x0616,0.152
857,david02@example.net,David Greene,ellismaureen,"5908 Hooper Shore, West Marcus, MP 08836",001-709-803-3746x876,4303370679974637,kellythomas@wallace.com,8155993577,0.181
858,cory42@example.com,Bryan Cortez,nharris,"Unit 5338 Box 3509, DPO AP 12888",(483)771-9092x254,3579725510503664,christine13@mccarthy-fleming.com,001-565-716-2666x0335,0.063
859,jporter@example.com,Daniel Castillo,bryanttamara,"52121 Gomez Plain Suite 032, Patriciashire, ME 54591",+1-305-668-9200x2311,3575530102288474,dunlapmarie@andrade-thomas.com,(329)993-8216x04897,0.086
860,christina18@example.com,Eric Daniel,drewfleming,"34663 Susan Radial Suite 727, Riveraview, IN 20471",(279)968-5834x924,180084847904964,colleenlewis@white.org,213.352.0444x012,0.087
861,scottbarber@example.com,James Turner,barbaramoore,"59146 Curtis Shoal Apt. 765, New Cody, CT 99565",001-520-490-4642x9244,370243445476409,omccann@cunningham.com,001-347-438-5248x60050,0.089
862,erica45@example.com,Debra Mitchell,katherinebanks,"2570 Hernandez Garden Suite 599, Port Paul, MO 37518",767.970.6275x42767,4646896688369,kevin84@duncan-smith.com,203-275-5357x7869,0.185
863,alicia44@example.net,Bianca Lloyd,wilsonfrank,"026 Mullins Trail, Port Daniel, VI 42754",(925)612-6746,6538330679519768,allen90@ochoa-sandoval.org,+1-232-243-2394x22847,0.095
864,chad97@example.org,Ruben Thompson,jacqueline91,"538 Johnson Motorway, Richardhaven, FM 16233",+1-907-747-1549x5392,4683986706520597708,tyler40@davis.com,(696)509-9362x546,0.078
865,farleyrobin@example.com,Megan Johnson,barnettrita,"987 Campos Points Suite 907, Lake Wayne, MO 03814",001-921-786-6412x945,4524072242170875872,xsilva@joseph.com,(234)985-5097,0.139
866,stephenselizabeth@example.org,Robert Barton,doyleronnie,"9480 Kyle Junction, Smithfort, TX 65593",374-477-4185x0071,2238526897581058,tlewis@wilson.org,767-482-9988,0.157
867,eric52@example.com,Carolyn Baker,herrerapatrick,"599 Mitchell Junction Suite 575, Lake Sara, OK 89388",+1-874-754-5367,2244137862556216,jonesjustin@miller.info,+1-829-807-8644x99502,0.185
868,sheri24@example.net,April Anderson,williambryant,"410 Steven Field Apt. 480, North Davidshire, IA 71597",+1-671-313-4422x1763,4253007097240,evelynfriedman@riddle.com,001-771-362-3161x898,0.118
869,elizabethhudson@example.net,Julie White,mclaughlinfernando,"05313 Bauer Tunnel Suite 207, Bakerville, AS 49627",+1-591-252-0202,6524563042224098,markwatkins@logan-gray.com,(353)348-9861x0494,0.127
870,welchryan@example.net,Nicole James,douglas90,"022 Kyle Stravenue Apt. 985, Levitown, FM 96705",(965)549-1922x16177,4459797020092978,richard58@brown-williams.info,+1-658-301-2108x9238,0.183
871,ginajohnson@example.org,Desiree Reese,david45,"35927 Lisa Ville, Lihaven, HI 83129",6292772936,3569171810709952,leemichelle@johnson-cardenas.com,(869)303-3068x1963,0.104
872,ostone@example.org,Christina Floyd,chad27,"USNV Vargas, FPO AP 58132",842-849-8467,372848481669580,zbooker@roberts.info,772-788-1029x30155,0.154
873,colemancameron@example.net,Steven Hardin,kingcathy,"1946 Bradley Tunnel, Johnland, NJ 37867",+1-941-271-7505,2720755017033295,kevinfriedman@kelley-mcdaniel.info,513.817.2380,0.097
874,kelly50@example.org,Michael Welch,bryantstephen,"6897 Moran Lake Suite 532, Joshuamouth, WV 25144",435-347-2055x322,562848496310,annesullivan@novak-vaughan.com,472.394.6096x574,0.135
875,jonathanclark@example.org,Joseph Simmons,palexander,"34722 Margaret Expressway Suite 318, Michaelside, WA 15356",(739)533-1341,180007101588561,olucas@boyd.com,(623)422-2300,0.07
876,jacobandrews@example.net,Matthew Quinn,lauren63,"3757 Mark Terrace Suite 156, Lake Kathleenland, CT 08598",277-356-4573,3591511499567092,jamesbush@johnson.org,(767)983-1675,0.089
877,qfitzpatrick@example.net,Kevin Reed,michael94,"5777 Jeffrey Isle Suite 783, Johnfurt, NM 71715",231.760.8605x41749,569001784028,jwest@oconnor.com,(900)711-2667,0.127
878,joshua74@example.net,Emily Bryant,petersonpenny,"2602 Jason Manor, East Dylanfurt, PW 24717",264-498-2098x7855,3505857514354551,ugutierrez@parks.com,9005219405,0.12
879,bethany87@example.org,Debra Smith,christianrivera,"402 George Creek, Port Andres, GU 67982",784.626.9910x5408,4547063747048,yvonnepearson@cain-smith.com,2767096963,0.151
880,jorgecarter@example.com,Bruce Kennedy,anthonyellis,"11967 Crystal Villages, Port Ricky, CO 76598",768.455.7193x95201,2233566026422217,michael97@fisher-wilkinson.info,861.862.9266,0.181
881,ucallahan@example.com,Christine Aguilar,hnguyen,"2512 Martinez Meadow, Port Jenniferstad, WI 32299",(924)329-5665x3237,676237299778,kcruz@stevenson.org,+1-852-714-6274x4727,0.071
882,tony20@example.com,John Lam,adamthompson,"3597 Denise Passage, Mikeville, CT 59970",+1-268-971-6173x544,503802073075,dawn49@crawford.com,001-400-349-3681x324,0.186
883,abbottmario@example.net,Judy Walker,melinda29,"56377 Hill Ridge Suite 172, South Donaldstad, TX 97388",(321)845-8159x2601,501858830158,jameschen@morgan.info,622-686-4975x895,0.173
884,oscarhall@example.org,Jennifer Murphy,austin01,"9274 May Lakes Suite 837, Isaacfort, ME 61200",(748)560-6642x83680,3517119110198866,wespinoza@becker.com,+1-592-529-7606x732,0.105
885,wyatt77@example.org,Joann Mccoy,chavezchristopher,"204 Tina Port, Jeffreyport, GU 24256",354-415-9582x2404,375380367729780,jsmith@oliver.biz,756.381.8395x803,0.09
886,kelly96@example.net,Kevin Davis,thomas90,"09137 Blackwell Squares, Lake Jacob, ND 31173",576-791-8605,6558481205401602,tyler28@howe.info,746.236.2562x10068,0.058
887,millermichelle@example.net,Tasha Davis,eric81,"0706 Jessica Expressway Apt. 782, East Christown, TX 62119",001-963-277-1902,4445955757723317,nwright@mitchell.com,8667192854,0.086
888,phillipsanita@example.com,Michael Simpson,martinezcynthia,"8870 Richardson Pine Apt. 011, Stevenbury, HI 21187",275.274.7266x293,3556036899171819,brittney26@padilla-rodriguez.biz,337-701-9900,0.122
889,vlopez@example.com,Samantha Daniels,melendezrobert,"USNV Phillips, FPO AA 29866",329.676.6576,3596096316570599,kristin41@brown.com,458-742-0700x2551,0.112
890,dramos@example.net,Anita Bailey,jenniferjordan,"85482 Melissa Trace, North Cynthia, TX 42400",(775)793-4594x521,3556427585359737,pamela00@benson.biz,001-253-295-4171x3621,0.166
891,patelkristina@example.net,Alexander Ochoa,harrisscott,"2061 Randall Station, Haleyfurt, VT 87630",716.686.5236x84634,4163614429217,carlawilkins@terrell.org,(358)804-6122x659,0.059
892,lindsey46@example.net,Michael Griffith,shieldsrachel,"8439 Webb Throughway Suite 075, Lake Sherri, TN 84597",(283)897-7429x74326,180009090461768,willistravis@walton.biz,614-686-7497,0.175
893,torrestimothy@example.net,Kristen Lee,lcooke,"PSC 1294, Box 8448, APO AP 56269",(922)745-1264,630479004867,xgibson@landry.net,001-410-534-4983x243,0.144
894,greentami@example.org,Kristin Miranda,charlesalvarado,"753 Daniel Highway Suite 503, Jeffstad, OR 43911",596-621-5443x52589,3579114332124811,seanweiss@page-evans.biz,698-548-3793,0.109
895,lindsey35@example.com,Maria Smith,heathsteven,"0788 Brennan Drive Apt. 851, Carrmouth, VA 27991",(627)254-3749x47337,4024097718382690,kellydunn@duarte-horton.com,001-733-640-4097x74752,0.086
896,sestes@example.net,Rachel Cantu,brandon51,"846 Richardson Cliff, Allenside, AR 07868",(554)650-1493x4122,3588311478403707,erichawkins@glass.net,7669102861,0.05
897,jordangarner@example.net,Sean Hughes,elizabethwilliams,"0511 Lawrence Hollow Apt. 555, Davidside, ND 97171",472-885-3192,4856727860687,zhangwilliam@rowe-heath.net,+1-888-724-7771x137,0.083
898,udominguez@example.net,Lance Washington,mike36,"541 Kennedy Vista Apt. 326, Stewartmouth, AZ 53014",276.608.7725,30471996895535,amandarodriguez@owen.com,388.946.5809,0.111
899,crystalsmith@example.org,Clinton Perez,patriciaoconnell,"4762 Thomas Islands, Parrishmouth, ND 01950",001-960-887-6377x5862,2544150402452462,sarah13@cooper.com,(234)692-1672x996,0.071
900,sararomero@example.net,Daniel Gonzalez,pauljones,"USNS Serrano, FPO AE 43743",556-807-8534,3593111200674630,john76@williams-spears.net,898.436.0531x2822,0.098
901,patriciaanderson@example.net,Richard Sims,timothy63,"73153 Patel Parkway, Wagnerville, HI 95574",+1-670-552-2852x645,676266057709,nicoleadams@smith.biz,001-789-214-5732x969,0.063
902,tesparza@example.net,Michael Owen,codygoodwin,"469 Martinez Flat, South Nicholas, AK 15892",267-434-4068,4851949619461114,lindsay52@schultz.org,+1-435-921-3296x3765,0.101
903,caitlinpaul@example.net,Bryan Bryan,charlesryan,"86056 Johnson Loop Suite 159, East David, DE 40370",(316)947-5724,370476102719782,kfoster@crawford.com,343.540.0545x63777,0.166
904,scole@example.net,James Ortega,sallyrobertson,"9319 Ashley Meadows, West Lauren, MT 95038",(509)851-4561x05450,4652162390475674514,johnsonbrian@morris-martinez.info,252-601-5505,0.053
905,alexandermann@example.net,Matthew Gonzalez,jonesjill,"557 Parsons Prairie, Angelicamouth, TN 43583",5667661639,30400514875968,snyderdonald@morris-carlson.org,404.356.3615x5657,0.067
906,tturner@example.org,Alexis Hull,jonathansmith,"296 Anthony Manor Apt. 039, Port Shawnland, PA 55800",562-965-8249x638,3584604310981169,gillchristopher@flores-ryan.org,301.740.4747x0470,0.178
907,monicalester@example.org,Jose Mueller,lukemeza,"0247 Christina Branch Apt. 699, East Wesley, MD 04392",(684)807-1704x5890,30101861627446,ywalton@herrera.com,(359)454-4697x446,0.15
908,mthompson@example.org,Michelle Holland,bgutierrez,"19732 White Via, Meganton, NJ 67213",9039888889,4104510472139588,johnwall@wright-williams.com,001-441-520-8866x5652,0.118
909,joanna36@example.net,Reginald Turner,jason66,"93156 Duran Coves Apt. 330, North Daniellemouth, PR 30606",358.723.3476x187,342147531547772,mitchellelizabeth@douglas.com,449.421.3173x8641,0.177
910,cindy24@example.com,Jordan Hall,imeyers,"90143 Janet Vista Suite 795, Port Barbaramouth, OH 15562",212.438.0396x1016,6011802165532048,karenstone@jackson-moon.com,509-944-4487x45375,0.07
911,rioskyle@example.net,Scott Mathis,dmanning,"041 Gordon Avenue Apt. 084, New Deborahhaven, ME 31771",(668)822-5100x170,4282781801334240,dgriffith@carter-evans.net,(451)432-6631x100,0.142
912,yramos@example.net,Danielle Mccarty,ybenson,"70226 Villarreal Alley, East Anthonyfurt, NY 73926",486.343.9011x210,6511539597077953,warnermarilyn@peterson.com,+1-301-592-0013x58235,0.107
913,laura94@example.net,Heather Smith,joe19,"9779 Higgins Lodge Apt. 394, Youngburgh, ID 74004",3416562436,2287552916492143,james18@montgomery.com,782.955.4595x5529,0.102
914,phillipslogan@example.org,Gregory Adkins,hsanders,"952 Jimenez Junction, Atkinsstad, WA 05694",257-579-9477x446,4077918755813413550,davidpierce@martinez.com,(746)568-9682,0.134
915,vlarson@example.org,Debra Strong,sallywiggins,"50846 Hernandez Plaza Suite 164, Lake Erik, NH 17566",001-714-420-8975x1865,346335487551676,belllawrence@stewart.com,7458930364,0.113
916,ericrose@example.com,Elizabeth Ryan,bwood,"87546 Roy Square Apt. 643, Martinland, OR 80463",(758)965-5105x1188,3518577131020733,bestnicholas@lowe-griffith.info,001-226-957-9418x6492,0.067
917,orussell@example.com,Lauren Moore,balvarez,"519 Michael Terrace, Crystalville, KS 38306",865.933.8970x308,675988199203,dawn27@bray.net,(289)526-6885x606,0.101
918,jessica36@example.net,Nicholas Townsend,pattersoncarl,"77964 Williams Mall, West Kellytown, LA 17352",(939)223-8920x506,370476608130658,zedwards@mathews.com,556-558-9922x75123,0.098
919,zvaughn@example.net,Shannon May,stacy50,"637 Williams River Apt. 410, Brianview, OR 08935",(283)646-4706x191,4070932831410497978,anthony84@allen.com,582-337-9918x1882,0.071
920,owilliamson@example.net,Andrew Smith,cindymoon,"785 Walker Locks Suite 768, Erinton, VA 96332",3899205201,2252919201187699,raymond76@nunez.org,001-480-851-9908x380,0.141
921,staciemoore@example.net,Ashley Sandoval,vickiepadilla,"9577 Lewis Ranch, Carlosberg, HI 92725",001-840-593-6533,38464341974651,edwardsheather@young-ray.com,(538)856-0021,0.193
922,johncastro@example.org,Angela Allen,bryanhill,"82153 Jorge Oval, Michaelburgh, IL 56256",(555)305-6950x8623,213171821326883,cjones@butler.org,441-410-7776x4821,0.178
923,snyderdaniel@example.com,Lance Barber,bparker,"115 Stephanie Harbor Apt. 079, Spencerview, MS 38786",+1-247-348-6947x045,060490103078,hallkristen@thomas.com,571-225-3398x5865,0.151
924,erinramirez@example.org,Jason Kennedy,robertsonjonathan,"1202 Nicholas Mountain, New Jeremychester, WV 97748",568.889.7026x846,3524374276538345,troymarks@hall.com,(727)935-9549x53897,0.054
925,hbrown@example.net,Amanda Hughes,shannon61,"27187 Fox Spurs Apt. 939, East Kristineside, HI 83411",+1-444-277-2810,4530577689246625,melissa99@anderson-perez.net,(358)555-7455x4529,0.17
926,monicameyer@example.com,Donald Hurst,andrew95,"USNV Hill, FPO AA 98167",857.640.3175x008,3514701042183182,coryjackson@morse.com,217-576-4001,0.192
927,bmartin@example.net,Anna Donaldson,zmoore,"5380 Peter Ports Apt. 506, Rubioburgh, NV 58504",(748)607-3604x0044,4573856317687477,nelsonkelli@werner-schultz.net,001-518-799-9728x27835,0.117
928,orrelizabeth@example.net,Christie Wilson,johnwhite,"0191 Buchanan Landing, New Heatherbury, UT 98706",449.847.9170x2442,4973405025879,zachary41@kemp.com,(508)743-3569x89285,0.161
929,rnunez@example.com,William Barnett,qenglish,"97211 Susan Skyway Suite 000, Aaronmouth, AK 75519",337.538.4946x25740,676200977640,fgreen@wright.com,001-964-773-6566x2197,0.141
930,marisasutton@example.org,Andrew Thompson,nancybarber,"220 Oneal Spring, Sanchezborough, KY 83377",+1-442-422-9710x658,3531094301447038,unelson@mcguire-madden.com,250.447.9559x29098,0.069
931,hillamanda@example.com,Charles Brown,allenclaudia,"3400 Denise Well Suite 583, Ryanchester, DE 82174",250.798.7074,676359271092,nporter@lambert-alvarez.com,+1-725-514-3817x6822,0.142
932,smithkayla@example.org,Michael Olson,rmartin,"3048 Sanchez Trace, Snydertown, PA 71885",850.326.7723x1601,4862152968726552,perezmichelle@shea.info,864-521-8675x360,0.157
933,rbest@example.org,Michael Scott,barrerakristopher,"767 Andrew Plains, East Jaredland, SC 24735",001-877-844-3307x4705,4669942906270,inash@perez.info,585-777-2468x5524,0.156
934,tylerhernandez@example.org,Eric Mack,haley84,"06766 Melissa Fall Apt. 209, Lake Morganchester, MI 54947",585-923-4531,6593744480943656,beth18@cole.org,+1-849-996-7657x89597,0.138
935,russellcameron@example.org,Scott Lawson,dflores,"092 Myers Heights, Derekport, MN 21569",997-395-7005x774,344052403774686,storres@reid-forbes.com,+1-995-282-6573,0.194
936,dianesmith@example.net,David Bennett,jillruiz,"707 Hamilton Parkway, Mariaport, MO 17059",528-714-6657,180055305479905,vanessahahn@powers-williams.com,5515826515,0.152
937,lewisalexandra@example.net,Travis Keller,garciajeffrey,"7247 Richard Inlet Suite 145, North Jeremiah, AR 66527",(787)745-9259,3565341823967293,gharrison@dalton-moreno.com,833-559-9862,0.105
938,kevin33@example.org,Linda Sharp,danieljohnson,"2593 Aguilar Ridges Apt. 201, Lake Danielle, AK 41452",001-562-553-2558,4895638627965095,kevinkelly@nguyen-butler.com,(568)423-8669x6632,0.153
939,robertbartlett@example.com,Diana James,harrismichael,"090 Alexandra Garden Apt. 854, New Stephanie, OK 09674",688-715-6945x4960,213174672404114,allenmoran@garcia.com,(539)789-4478,0.17
940,jared84@example.com,Edward Johnson,andrew57,"0979 Mcguire Brooks Suite 828, Ballardview, TX 93719",001-964-489-2704x46244,4971620184042,smithtiffany@hooper-king.com,(641)413-2984,0.162
941,michael84@example.org,Greg Gilbert,pspencer,"409 Hannah Ridge, South David, IN 08318",433.256.5116x1029,4271909583276452,curryjohn@thomas-williams.com,+1-309-779-7833x3309,0.149
942,patrickcatherine@example.net,Ashley Perry,currydiane,"451 Frank Fields Suite 793, Johnsonborough, GA 67255",221-232-0583x5836,370223114678840,andradealexandria@hall-white.net,974-213-1308,0.128
943,wmoore@example.org,Julie Salazar,james04,"12454 Lewis Alley, Port Calvin, MO 41836",+1-565-753-6918x06563,6596888704875017,cheryl66@west.biz,+1-385-439-7966,0.087
944,tiffanyhardy@example.com,Andrew Owen,michelle84,"375 Bauer Path Apt. 712, West Timothychester, MH 94894",(962)622-7856,372902433067441,darinwilkerson@roberts-carter.biz,(762)574-3475,0.078
945,jacksongregory@example.org,Kaitlyn Gonzales,jamesjohnathan,"7202 Roman Mills Suite 421, East Zacharyland, MO 56782",+1-323-357-5907x18196,213132227150350,david01@fisher.net,(762)566-9289x25629,0.097
946,rebecca59@example.org,Karen Watson,charles06,"5764 Lopez Pines Apt. 961, Port Kaylaville, CA 29301",289.640.9364,348032748951559,darylcarr@smith-carlson.org,248-396-8962,0.128
947,lauraferrell@example.org,Heather Blake,ysmith,"36676 Renee Mountains, Sancheztown, DE 68127",+1-706-254-8974x1150,30119988540037,richardsonbrandi@adams.com,345.232.1061x50970,0.147
948,jacob06@example.org,April Flynn,rodneyhernandez,"02963 Richard Landing, South Ian, NJ 15991",001-940-333-1930,3574225618033099,ronaldryan@hurley.com,765-436-5804,0.06
949,shelly27@example.net,Amanda Figueroa,tpollard,"64352 Bishop Knoll, Thomasside, NM 69818",334.546.2297,213172863903555,bmueller@anderson.com,+1-708-476-4486x17309,0.162
950,ywilliams@example.net,Laura Fuentes,kelsey76,"26754 Martin Road, Port Leonard, MN 58718",001-806-716-0998x178,639047625152,anna85@stevens-bradshaw.com,283.895.6862,0.173
951,kristin29@example.com,James West,stevensonrenee,"4249 Aguilar Rue Apt. 356, East Anthony, MH 79089",+1-677-216-7948,3505244645019751,willislindsay@mayo.biz,388.539.4115x01324,0.084
952,vcarter@example.com,Patricia Jenkins,morsekimberly,"6809 Jacob Course, Johnathanstad, WI 53088",001-339-523-8071x21981,4898212118036324,robertgilmore@dawson.org,001-392-641-6090x843,0.149
953,april10@example.net,Brianna Cruz,mitchell08,"8417 Monica Dam Apt. 150, Youngburgh, CA 03693",652-486-2132,2244536449724314,ricegail@pollard.biz,001-938-834-8552,0.169
954,ccaldwell@example.org,Barbara Arellano,leslie82,"307 Andrew Pines Apt. 094, Brownside, MO 48846",845.678.6930x04335,375364429206995,stephen76@juarez.com,001-966-388-5890x5912,0.194
955,roymurray@example.org,Pamela Roberson,melaniestout,"426 Carol Track, West Alyssaborough, WI 93444",775-534-8823,6011190960700576,weeksjennifer@sims-koch.net,525.541.4227,0.056
956,shawngreer@example.org,Christopher Singh,sean63,"110 Burke Squares, Katietown, DC 61563",954-756-2083,3551975664054681,brittany89@mitchell.biz,+1-926-961-9674,0.053
957,ehunt@example.net,Heather Martin,michellecameron,"809 Teresa Underpass, North Jacqueline, CA 87264",8468286126,3526205106493731,christinewilliams@christensen.com,(829)402-4420,0.083
958,speck@example.net,Jeffrey Myers,martinchristopher,"983 Salazar Streets, Lake Jill, FM 38169",(356)517-3022x63770,213164700404400,jennifer91@taylor-jenkins.biz,306.504.8662x28026,0.147
959,markadams@example.net,Teresa Cardenas,richardsmith,"75365 Jacob Terrace, Davidchester, WY 17026",485-378-4098,30243821134459,brianpierce@castillo.net,(822)445-5966,0.133
960,jeremy17@example.net,Alexis Barnes,dlang,"83378 David Point Suite 889, Codyton, OR 29385",+1-481-624-1769x463,4207010500715,sarahthomas@vazquez.com,435-829-7451x2791,0.134
961,williamsmichelle@example.org,Renee Carrillo,wilsonchristopher,"204 Green Curve Apt. 364, North Jay, AR 10973",9332725146,180033385696789,greenechelsea@johnson.com,415-578-0310x01928,0.073
962,phillipskelly@example.org,Natasha Edwards,peckstephen,"7021 Knight Centers Apt. 455, Andreafort, MH 06481",214-501-2153x803,4322233941248,schneidertimothy@parker-garrison.com,001-427-515-2789x30015,0.063
963,jonathanmorgan@example.net,David Clark,hugheschristopher,"9116 Laurie Street Apt. 355, Blackwellport, VT 13291",001-981-228-2483x9086,213147845974767,teresafisher@smith-powell.com,477.414.8850x191,0.053
964,melindarodriguez@example.com,Dale Horne,whitelisa,"10767 Kelley Crest, South Natalie, LA 41405",5283224714,30152790017746,frankwendy@guerrero.net,549-967-0177x18619,0.127
965,davidhenderson@example.net,Steven Ryan,freemanmarcus,"85463 Vickie Flats Suite 702, Gambleton, KY 34983",757.650.4732x8621,2242471810975406,richardreese@shannon.com,+1-222-878-2579x331,0.127
966,grussell@example.net,Denise Reyes,collinskelly,"166 Kari Hollow Suite 695, South Robyn, OR 72760",001-916-460-0763x42685,4865558034027338398,qsmith@graham.com,393-459-8843x378,0.069
967,josephburton@example.org,Bridget Garza,sarahmoore,"7989 Megan Circle Apt. 459, East Nicholasshire, UT 86393",(329)487-1389,4131741462972061,vanessa36@holmes.info,001-901-428-2221,0.08
968,danielburns@example.com,Steven Castro,erinbaker,"88518 Paige Estates Apt. 421, Matthewborough, DE 72181",491-666-3311,379624497629907,jmaldonado@parker.com,251-255-0321,0.078
969,ericksonantonio@example.net,Cynthia Wilson,bakerlouis,"362 Rodriguez Drives, Brettstad, WV 15218",001-436-514-3483x782,38482321839108,tnguyen@miller.com,578.696.3347,0.128
970,cmendez@example.net,James Hill,jabbott,"918 Erin Mission, East Becky, UT 65843",4264037873,376469327451400,loganwilliams@green.com,377.706.5200x28505,0.109
971,ecook@example.org,Thomas Parker,jeffreysmith,"2737 Jackson Forges Suite 059, North Allison, SC 67560",(810)515-8958x9113,30026267247483,ryan30@gomez.com,220-434-8698,0.118
972,zking@example.net,Charles Robinson,kelly99,"964 English Mills, Smithshire, HI 35055",899-597-2819x09907,4630520125961717333,moorebrian@lewis-massey.com,325-547-0980x8103,0.133
973,angela79@example.com,Mark Morales Jr.,edwardwright,"91038 Diana Mill, Judithberg, GU 68743",(407)406-7843,3535741573071989,htyler@daniels-frazier.com,685-794-8424x4770,0.122
974,ericbarber@example.net,Scott Page,nicoleferguson,"142 Garcia Motorway Apt. 079, West Sandyside, IN 49963",4974419301,2705854893263073,hudsonjeffrey@guzman-garcia.org,001-613-450-1084,0.059
975,mkirk@example.org,Carmen King,nicoleward,"94139 Stacey Square, New Krystal, OR 38070",261.842.4074x1260,213182280190611,tturner@smith.com,651-962-6868,0.079
976,hawkinsvictoria@example.net,Isaiah Lane,heather15,"0565 Boone Branch Apt. 523, Port Matthewville, NY 18865",882-205-2529,4851500868033981868,robertcarroll@hoffman.com,854-911-5309x7939,0.142
977,joshuaporter@example.net,Stephen Hodges,johnduran,"324 Gina Haven Suite 190, Jonesport, MO 08051",001-239-766-8939x650,213173589935863,robertburton@walters.net,592-646-1170x9679,0.178
978,cherylgray@example.com,Joseph May III,qclay,"37394 Rogers Row Apt. 623, North Steven, VT 84295",001-320-264-2345x1810,5524266164588520,hughesdennis@owens-moore.com,3059805725,0.051
979,danielbates@example.org,Brent Brown,robertsanders,"3676 Farrell Oval, Morrisonville, NM 79485",618.763.6538x8095,3517973951320975,jessica75@anderson.net,+1-718-399-8418x517,0.064
980,patrick54@example.org,Tammy Fisher,zachary31,"4728 Arias Shoals, Bentonside, VI 19188",519.518.1011,4162549865385662,gomezjennifer@jackson.org,610.485.3194x324,0.168
981,sullivanjessica@example.com,Alexander Martinez,elliottjohn,"654 Willie Park, Warrenhaven, UT 67831",+1-767-410-7469x946,3536181989979062,masonschwartz@carter.biz,+1-727-868-3385x82255,0.087
982,nhernandez@example.net,Jeremy Jones,amy23,"7017 Hill Way Suite 997, Millerstad, AS 25885",(233)602-5209,4425442404859053,travispatterson@wilson.com,001-644-965-5150,0.193
983,houstonkatelyn@example.org,Ethan Stewart,ufranklin,"9672 Lindsey Field Suite 301, North Daniel, WI 03098",(812)249-7343,577123626415,whitney30@anderson-vega.com,001-652-210-3947x57756,0.099
984,boydcorey@example.com,Brandon Garcia,jasminenorman,"69845 Mitchell Land, West Christinafort, CA 92803",471-755-7843,675949623358,ian63@washington.com,+1-367-517-0218x49949,0.158
985,lance54@example.com,Stephanie Ramirez,madeline29,"043 Derrick Port, East Kathrynside, MA 56899",691-892-3436x6445,4384821115009190,melaniearroyo@webb-villanueva.com,967.495.2445,0.061
986,samuel22@example.net,Morgan Wyatt,charles78,"510 Williams Rapid Suite 038, Port Robert, MA 26005",(338)304-1759x9971,4822757841731378,davissamuel@rose.net,670.407.0301x949,0.116
987,karlahansen@example.com,Cory Smith,grosssamantha,"923 Kelly Locks, Andrewmouth, MT 61168",737.805.0307x8377,2272649061582327,cookelizabeth@sims-peck.net,+1-675-348-9277x908,0.082
988,chad33@example.com,Denise Booth,henrykristopher,"USNV Hammond, FPO AP 32204",4109135169,676281633807,ashley80@lynn.org,4767578160,0.178
989,lcarpenter@example.net,Dr. Angela Solomon,gomezemily,"8813 Proctor Tunnel, Lake Ericton, IL 68979",+1-331-345-8234,4656459505138146,frazieramber@jennings-hood.net,928-858-3196x131,0.135
990,tday@example.com,Alison Wolfe,fswanson,"57696 William Club, New Kevin, UT 99106",397.814.7312,6527999214832176,lewiskimberly@callahan.org,903.875.3709,0.113
991,abrooks@example.org,Roberta Long,ngay,"14511 Carey Crest Suite 031, Donnaland, ND 74198",+1-488-879-7822x2872,6011266535711627,ronnielee@ramos-green.org,(320)371-0112,0.098
992,jessicamiller@example.org,Emily Lopez,hopkinsjustin,"8660 Austin Greens Suite 163, New Travisberg, MO 42226",(764)981-6602x44821,3576425276473342,kathy13@mccann-jordan.com,2625483395,0.065
993,umoore@example.org,Stephen Collins,gbrown,"09346 Miller Fields Apt. 474, Robinsonmouth, CA 47745",718-612-6184,2528371333665283,rodriguezjennifer@gonzalez.org,210-272-3882x095,0.137
994,watsonandrea@example.net,Rachael Hall,nicolemiller,"77106 Richard Lodge Apt. 651, Elliottville, IA 22849",(825)367-0948,5374263584528088,skeller@woods.com,001-383-283-4673,0.099
995,gary44@example.net,Heather Jackson,felicia30,"USNV Smith, FPO AE 78748",603.449.2829x296,676175204335,jesse11@marshall.com,(933)807-9688x13667,0.109
996,james87@example.org,Kimberly Larson,lindawhite,"5868 Jorge Corners Suite 404, Thompsonfurt, CO 53957",(570)452-3802x527,675935645480,michael03@edwards-miller.org,324.570.0237x51125,0.051
997,saramitchell@example.com,Rachel Kent,deborah46,"235 Turner Glen, West Christopher, WA 21955",+1-659-629-2898x011,3525214007769612,sharris@crosby.com,(367)918-0873x973,0.197
998,alyssabrooks@example.com,Anthony Stanley,ftaylor,"5365 Andrea Drives, Powellland, MS 59193",834-900-7021,4150774180970915,ernest88@ponce.com,(270)748-9995,0.176
999,awilliams@example.com,Peter Tucker,dominic72,"1434 Cory Ford Suite 877, Carlosberg, MN 43226",827-535-5964,4179396280049726,kellyjones@parrish-stewart.com,001-838-959-7392x940,0.118
